idTypeBehaviour;nameOfBehaviour;idSubTema
1;Imp;1
2;Lab;1
3;Cont;1
4;Soc;1
5;Rural Lab;1
6;Rural Imp;1
7;Legislación;2
8;Consultas vinculantes;2
9;Judicial;2
10;Otro tipo de contenido;2
11;Agenda;2
12;Documento EOL;2
13;Administrativa;2
14;Doctrina;2
15;Contribuyentes;3
16;Reportes;3
17;EOL;4
18;EOL Mobile;4
19;IUS;10
20;IUS Mobile;10
106;ALICANTE;116
107;MIAMI;75
114;ALUMINE;59
115;FIAMBALA;47
201;GUATEMALA;104
202;STRASBOURG;110
203;BARRIO AMON;109
204;GUAYAQUIL;105
205;COLONIA ESCALON;103
206;POCITOS;69
207;BOGOTA;91
208;EL ROBLE;103
209;NASSAU;100
211;LEGANES;73
212;AMERONGEN;106
213;LA PAZ;101
214;ASUNCION;108
215;RENCA - SANTIAGO DE CHILE;72
217;QUITO;113
218;SANTA CRUZ DE LA SIERRA;101
219;SUNNYVALE;75
220;SANTA CRUZ;101
221;Quintana Roo;117
222;MEDELLIN;91
223;BOADILLA DEL MONTE;116
224;BARCELONA;116
225;JALISCO, Zapopan;117
226;VALENCIA;116
227;CALIFORNIA;75
228;BARRIO VILLA CLARET;50
229;INGENIERO WHITE;102
230;MADRID;116
231;SANTIAGO DE CHILE;72
500;Alertas;120
1000;EXTERIOR;69
1001;PANAMA;114
1002;07800 - IBIZA;116
1003;URUGUAY;69
1033;ERRENEWS                      ;79
1034;ERRENEWS SANTA FE             ;79
1134;LA BOMBILLA;65
1143;POZO BORRADO;65
1146;TOSTADO;65
1148;VILLA MINETTI;65
1150;ARMSTRONG;65
1151;BOUQUET;65
1160;LAS PAREJAS;65
1161;LAS ROSAS;65
1162;MONTES DE OCA;65
1163;SAN GUILLERMO;65
1164;TORTUGAS;65
1165;ARTEAGA;65
1166;BERABEVU 1;65
1167;BIGAND;65
1172;CASILDA;65
1173;CHABAS;65
1174;CHAÑAR LADEADO;65
1190;GODEKEN;65
1193;LOS MOLINOS;65
1195;LOS QUIRQUINCHOS;65
1196;PUEBLO AREQUITO;65
1197;SAN JOSE DE LA ESQUINA;65
1198;SANFORD;65
1202;ANGELICA;65
1203;ATALIVA;65
1216;CASABLANCA;65
1217;CLUCELLAS;65
1218;COLONIA ALDAO;65
1236;EGUSQUIZA;65
1238;ESTACION CLUCELLAS;65
1242;EUSEBIA;65
1244;FRONTERA;65
1247;HUMBERTO PRIMERO;65
1253;LEHMANN;65
1256;MARIA JUANA;65
1262;PUEBLO RAMONA;65
1264;RAFAELA;65
1265;RAQUEL;65
1270;SAN VICENTE;65
1271;SANTA CLARA DE SAGUIER;65
1272;SUNCHALES;65
1274;TACURAL;65
1275;VILA;65
1279;ZANETTI;65
1280;ZENON PEREYRA;65
1290;CULULU;65
1293;ELISA;65
1295;ESPERANZA;65
1296;ESTACION MATILDE;65
1297;FELICIA;65
1298;FRANCK;65
1302;HUMBOLDT;65
1314;PILAR;65
1315;PROGRESO;65
1318;PUJATO NORTE;65
1319;RINCON DEL PINTADO;65
1321;SA PEREYRA;65
1323;SAN CARLOS CENTRO;65
1325;SAN CARLOS SUD;65
1327;SAN JERONIMO NORTE;65
1329;SANTA CLARA DE BUENA VISTA;65
1332;SARMIENTO;65
1334;BOMBAL;65
1340;EMPALME VILLA CONSTITUCION;65
1345;JUAN B MOLINA;65
1350;MAXIMO PAZ;65
1352;PAVON;65
1353;PAVON ARRIBA;65
1354;PEYRANO;65
1355;PUEBLO ALCORTA;65
1357;RUEDA;65
1358;SANTA TERESA;65
1359;SARGENTO CABRAL;65
1363;VILLA CONSTITUCION;65
1372;CERES;65
1386;HERSILIA;65
1401;MOISES VILLE;65
1408;SAN CRISTOBAL;65
1409;SAN GUILLERMO;65
1411;SUARDI;65
1414;VILLA TRINIDAD;65
1420;CAYASTA;65
1426;HELVECIA;65
1432;RECREO SUR;65
1436;SANTA ROSA DE CALCHINES;65
1440;BUSTINZA;65
1445;CAÑADA DE GOMEZ;65
1447;CLARKE;65
1451;CORREA;65
1459;OLIVEROS;65
1461;SALTO GRANDE;65
1465;SERODINO;65
1466;TOTORAS;65
1467;VILLA ELOISA;65
1471;AROCENA;65
1472;BARRANCAS;65
1474;BERNARDO DE IRIGOYEN;65
1483;CENTENO;65
1486;CORONDA;65
1488;DIAZ;65
1490;GESSLER;65
1491;IRIGOYEN;65
1494;LOPEZ;65
1495;MACIEL;65
1496;MONJE;65
1503;SAN GENARO;65
1504;SAN GENARO NORTE;65
1516;CABAL;65
1520;CAMPO SANTO DOMINGO;65
1527;EMILIA;65
1536;LAGUNA PAIVA;65
1538;LLAMBI CAMPBELL;65
1542;NELSON;65
1548;RECREO;65
1556;SAN JOSE DEL RINCON;65
1864;SANTO TOME;65
1865;SAUCE VIEJO;65
1876;AMENABAR;65
1877;CAFFERATA;65
1882;CARMEN;65
1883;CARRERAS;65
1885;CHOVET;65
1891;DIEGO DE ALVEAR;65
1897;ELORTONDO;65
1900;FIRMAT;65
1901;HUGHES;65
1917;LOS ARCOS;65
1918;MAGGIOLO;65
1919;MARIA TERESA;65
1920;MELINCUE;65
1923;MURPHY;65
1927;RUFINO;65
1932;SAN GREGORIO;65
1936;SANCTI SPIRITU;65
1938;SANTA ISABEL;65
1941;TEODELINA;65
1942;VENADO TUERTO;65
1943;VILLA CAÑAS;65
1948;WHEELWRIGHT;65
1949;ARROYO CEIBAL;65
1951;AVELLANEDA;65
1958;CAMPO HARDY;65
1974;EL CARMEN DE AVELLANEDA;65
1983;FLORENCIA;65
1987;GUADALUPE NORTE;65
2023;LAS TOSCAS;65
2028;MALABRIGO;65
2040;RECONQUISTA;65
2052;VILLA OCAMPO;65
2054;ACEBAL;65
2057;ALVAREZ;65
2058;ALVEAR;65
2059;ARMINDA;65
2060;ARROYO SECO;65
2067;CORONEL BOGADO;65
2074;FIGHIERA;65
2075;FUNES;65
2076;GENERAL LAGOS;65
2078;GRANADERO BAIGORRIA;65
2079;IBARLUCEA;65
2089;PEREZ;65
2090;PUEBLO ESTHER;65
2091;PUEBLO MUÑOZ;65
2101;SOLDINI;65
2103;URANGA;65
2105;VILLA AMELIA;65
2107;VILLA GOBERNADOR GALVEZ;65
2109;VILLA SAN DIEGO;65
2111;ZAVALLA;65
2112;ARRUFO;65
2115;ALEJANDRA;65
2134;ROMANG;65
2135;SAN JAVIER;65
2137;GALVEZ;65
2158;GOBERNADOR CRESPO;65
2163;LA CRIOLLA;65
2165;LA ROSA;65
2170;MARCELINO ESCALADA;65
2179;SAN JUSTO;65
2184;VERA Y PINTADO;65
2185;VIDELA;65
2187;ALDAO;65
2191;CAPITAN BERMUDEZ;65
2192;CARCARAÑA;65
2196;CORONEL ARNOLD;65
2200;FRAY LUIS BELTRAN;65
2201;FUENTES;65
2203;JESUS MARIA;65
2213;PUERTO GRAL SAN MARTIN;65
2214;PUJATO;65
2215;RICARDONE;65
2216;ROLDAN;65
2218;SAN JERONIMO SUD;65
2219;SAN LORENZO;65
2221;TIMBUES JOSE MARIA;65
2227;VILLA MUGUETA;65
2233;CAÑADA ROSQUIN;65
2234;CARLOS PELLEGRINI;65
2236;COLONIA BELGRANO;65
2242;EL TREBOL;65
2247;LANDETA;65
2249;LOS CARDOS;65
2250;MARIA SUSANA;65
2251;PIAMONTE;65
2252;SAN JORGE;65
2254;SAN MARTIN DE LAS ESCOBAS;65
2255;SASTRE;65
2259;CALCHAQUI;65
2293;MARGARITA;65
2305;VERA;65
2458;AVELLANEDA;102
2459;CRUCESITA;102
2460;DOCK SUD;102
2461;SARANDI;102
2462;VILLA DOMINICO;102
2463;WILDE;102
2464;25 DE MAYO;102
2465;AGUSTIN MOSCONI;102
2469;DEL VALLE;102
2473;GOBERNADOR UGARTE;102
2485;NORBERTO DE LA RIESTRA;102
2487;PEDERNALES;102
2489;SAN ENRIQUE;102
2494;9 DE JULIO;102
2506;DUDIGNAC;102
2511;FRENCH;102
2543;CARHUE;102
2570;RIVERA;102
2580;ADOLFO GONZALES CHAVES;102
2582;DE LA GARMA;102
2586;ALBERTI;102
2588;ANDRES VACCOREZZA;102
2592;CORONEL MON;102
2597;PALANTELEN;102
2624;COMANDANTE NICANOR OTAMENDI;102
2640;MECHONGUE;102
2641;MIRAMAR;102
2653;GENERAL ALVEAR;102
2659;FLORENTINO AMEGHINO;102
2665;PIÑEYRO;102
2666;AYACUCHO;102
2673;SAN LAUREANO;102
2680;AZUL;102
2683;CACHARI;102
2687;CHILLAR;102
2711;ADELA CORTI;102
2726;BARRIO PARQUE PATAGONIA;102
2735;BELLA VISTA;102
2737;CABILDO;102
2738;CERRI;102
2744;ESPORA;102
2746;GARRO;102
2747;GRUNBEIN;102
2778;BALCARCE;102
2801;ALSINA;102
2802;BARADERO;102
2811;ARRECIFES;102
2824;BENITO JUAREZ;102
2843;VILLA CACIQUE;102
2855;BERISSO;102
2861;BOLIVAR;102
2867;MIRAMAR;102
2870;PIROVANO;102
2872;URDAMPILLETA;102
2877;BRAGADO;102
2880;GENERAL O BRIEN;102
2886;MECHITA;102
2892;CAMINERA SAMBOROMBON;102
2894;CORONEL BRANDSEN;102
2900;JEPPENER;102
2906;SAMBOROMBON;102
2918;CAMPANA;102
2923;LA HORQUETA;102
2924;OTAMENDI;102
2926;ALEJANDRO PETION;102
2928;CAÑUELAS;102
2940;MAXIMO PAZ;102
2945;URIBELARREA;102
2951;CAPITAN SARMIENTO;102
2958;CARLOS CASARES;102
2974;SANTO TOMAS;102
2977;CARLOS TEJEDOR;102
2980;CURARU;102
2997;TRES ALGARROBOS;102
2998;CARMEN DE ARECO;102
3000;3070 BRUGNERA(PN) ITALIA;69
3006;SAN ERNESTO;102
3013;CARMEN DE PATAGONES;102
3036;STROEDER;102
3039;VILLALONGA;102
3042;CASTELLI;102
3050;CHACABUCO;102
3058;O HIGGINS;102
3060;RAWSON;102
3065;CHASCOMUS;102
3088;LEZAMA;102
3105;PUENTE BATALLA;102
3108;VILLA MOQUEHUA;102
3109;COLON;102
3130;PUNTA ALTA;102
3132;VILLA GENERAL ARIAS;102
3139;CORONEL DORREGO;102
3143;JOSE A GUISASOLA;102
3151;ORIENTE;102
3157;CORONEL PRINGLES;102
3170;BATHURST ESTACION;102
3172;CORONEL SUAREZ;102
3175;HUANGUELEN;102
3181;PUEBLO SAN JOSE;102
3184;SANTA TRINIDAD;102
3193;DAIREAUX;102
3199;LOS COLONIALES;102
3205;SALAZAR;102
3208;DOLORES;102
3221;BASE NAVAL RIO SANTIAGO;102
3224;ENSENADA;102
3230;PUNTA LARA;102
3235;BELEN DE ESCOBAR;102
3236;GARIN;102
3237;INGENIERO MASCHWITZ;102
3240;MAQUINISTA F SAVIO;102
3241;MATHEU;102
3242;PUERTO DE ESCOBAR;102
3244;BARRIO EL CAZADOR;102
3480;CAPILLA DEL SEÑOR;102
3489;LOS CARDALES;102
3491;PARADA LOS ROBLES;102
3509;ARENALES;102
3510;ARRIBEÑOS;102
3511;ASCENCION;102
3519;FERRE;102
3520;GENERAL ARENALES;102
3525;LA PINTA;102
3531;GENERAL BELGRANO;102
3539;NEWTON;102
3540;GENERAL GUIDO;102
3542;SAN JUSTO;102
3547;GENERAL LAVALLE;102
3548;LA LUCILA DEL MAR;102
3552;LAS TONINAS;102
3553;MAR DE AJO;102
3554;MAR DEL TUYU;102
3560;SAN BERNARDO DEL TUYU;102
3561;SAN CLEMENTE DEL TUYU;102
3564;SANTA TERESITA;102
3566;CARILO;102
3571;GENERAL MADARIAGA;102
3584;MONTECARLO;102
3585;OSTENDE;102
3588;PINAMAR;102
3591;VALERIA DEL MAR;102
3592;VILLA GESELL;102
3593;ALEGRE;102
3601;RANCHOS;102
3604;CORONEL GRANADA;102
3608;GENERAL PINTO;102
3614;IRIARTE;102
3622;VOLTA;102
3628;BANDERALO;102
3629;CAÑADA SECA;102
3630;CORONEL CHARLONE;102
3634;EMILIO BUNGE;102
3636;GENERAL VILLEGAS;102
3642;PIEDRITAS;102
3652;BONIFACIO;102
3654;CASBAS;102
3660;GARRE;102
3661;GUAMINI;102
3683;AGUSTIN ROCA;102
3695;MORSE;102
3723;ABASTO;102
3725;CITY BELL;102
3727;JOAQUIN GORINA;102
3730;ARANA;102
3741;LISANDRO OLMOS ETCHEVERRY;102
3743;MANUEL B GONNET;102
3744;MELCHOR ROMERO;102
3747;POBLET;102
3748;VILLA ELISA;102
3752;GENERAL LAMADRID;102
3764;MONTE CHINGOLO;102
3765;REMEDIOS DE ESCALADA;102
3766;VALENTIN ALSINA;102
3767;LAPRIDA;102
3782;LAS FLORES;102
3793;LA CHOZA;102
3794;GENERAL LAS HERAS;102
3806;JUAN BAUTISTA ALBERDI;102
3807;LEANDRO N ALEM;102
3810;VEDIA;102
3811;ARENAZA;102
3812;BALSA;102
3816;CORONEL MARTINEZ DE HOZ;102
3817;EL TRIUNFO;102
3821;FORTIN VIGILANCIA;102
3830;LINCOLN;102
3832;PASTEUR;102
3833;PUEBLO MARTINEZ DE HOZ;102
3834;ROBERTS;102
3851;LOBERIA;102
3856;QUEQUEN;102
3857;SAN MANUEL;102
3860;VILLA PUERTO QUEQUEN;102
3861;ANTONIO CARBONI;102
3864;ELVIRA;102
3866;KILOMETRO 112;102
3872;LOBOS;102
3873;SALVADOR MARIA;102
3887;CARLOS KEEN;102
3889;CORTINES;102
3892;JAUREGUI JOSE MARIA;102
3894;LEZICA Y TORREZURI;102
3897;OLIVERA;102
3898;OPEN DOOR;102
3904;TORRES;102
3905;VILLA FLANDRIA;102
3912;BASE AERONAVAL PUNTA INDIO;102
3927;MAGDALENA;102
3938;VERONICA;102
3946;MAIPU;102
4000;ANANTAPUR DISTRICT ANDRA;74
4070;CORONEL VIDAL;102
4074;GENERAL PIRAN;102
4082;SANTA CLARA DEL MAR;102
4084;UNIDAD TURISTICA CHAPADMALAL;102
4089;B SARMIENTO DON ROLANDO;102
4092;ELIAS ROMERO;102
4100;MARCOS PAZ B LA LONJA;102
4126;MONTE HERMOSO;102
4152;NAVARRO;102
4159;CLARAZ;102
4164;JUAN N FERNANDEZ;102
4165;LA DULCE;102
4167;LA PRIMITIVA;102
4171;NICANOR OLIVERA;102
4176;VALENZUELA ANTON;102
4177;VILLA DIAZ VELEZ;102
4236;HINOJO;102
4247;LOMA NEGRA;102
4250;OLAVARRIA;102
4255;SAN JACINTO;102
4259;SIERRAS BAYAS;102
4274;FRANCISCO MADERO;102
4279;JUAN JOSE PASO;102
4284;MONES CAZON;102
4287;PEHUAJO;102
4299;PEHUELCHES;102
4300;PELLEGRINI;102
4302;ACEVEDO;102
4309;CAMPO BUENA VISTA;102
4324;GUERRICO;102
4333;LA VIOLETA;102
4339;MANUEL OCAMPO;102
4341;MARIANO H ALFONZO;102
4351;RANCAGUA;102
4356;SANTA TERESITA PERGAMINO;102
4380;PILA;102
4386;ALMIRANTE IRIZAR;102
4389;DEL VISO;102
4392;FATIMA ESTACION EMPALME;102
4394;KILOMETRO 61;102
4395;MANUEL ALBERTI;102
4396;MANZANARES;102
4399;PRESIDENTE DERQUI;102
4404;VILLA ROSA;102
4421;DARREGUEIRA;102
4426;FELIPE SOLA;102
4437;PUAN;102
4439;SAN ANDRES;102
4445;VILLA IRIS;102
4447;BALNEARIO MAR CHIQUITA;102
4449;BARRIO BATAN;102
4451;BARRIO CAISAMAR;102
4467;BARRIO LOS ANDES;102
4471;BARRIO PINARES;102
4474;BARRIO SAN CARLOS;102
4476;BARRIO SAN JOSE;102
4482;CAMET;102
4489;LA FLORIDA;102
4525;COSTA BRAVA;102
4532;PEREZ MILLAN;102
4533;RAMALLO;102
4536;VILLA RAMALLO;102
4537;VILLA RAMALLO ESTACION FFCC;102
4544;LOMA NEGRA;102
4549;RAUCH;102
4554;AMERICA;102
4559;FORTIN OLAVARRIA;102
4560;GONZALEZ MORENO;102
4564;RIVADAVIA;102
4571;CARABELAS;102
4574;EL JAGUEL;102
4585;RAFAEL OBLIGADO;102
4587;ROJAS;102
4600;ROQUE PEREZ;102
4611;ESPARTILLAR;102
4614;PIGUE;102
4615;SAAVEDRA;102
4616;SAN MARTIN DE TOURS;102
4621;EL MANGRULLO;102
4632;SALADILLO;102
4636;CAILOMUTA;102
4640;SALLIQUELO;102
4641;ARROYO DULCE;102
4645;GAHAN;102
4652;SALTO;102
4664;SAN ANDRES DE GILES;102
4665;SOLIS;102
4668;VILLA RUIZ;102
4672;DUGGAN;102
4676;SAN ANTONIO DE ARECO;102
4677;VAGUES;102
4678;VILLA LIA;102
4690;SAN CAYETANO;102
4695;ACASSUSO;102
4696;BECCAR;102
4697;BOULOGNE;102
4698;MARTINEZ;102
4699;SAN ISIDRO;102
4700;VILLA ADELINA;102
4720;SAN MIGUEL DEL MONTE;102
4753;LAS FLORES;102
4758;SAN PEDRO;102
4759;SANTA LUCIA;102
4766;ALEJANDRO KORN;102
4769;DOMSELAAR;102
4772;SAN VICENTE;102
4778;SUIPACHA;102
4790;EL GALLO;102
4805;VELA;102
4820;SAN BERNARDO;102
4822;TAPALQUE;102
4848;SALDUNGARAY;102
4849;SIERRA DE LA VENTANA;102
4850;TORNQUIST;102
4852;30 DE AGOSTO;102
4863;LA ZANJA;102
4872;TRENQUE LAUQUEN;102
4886;LA HORQUETA;102
4891;MICAELA CASCALLARES;102
4892;ORENSE;102
4899;TRES ARROYOS;102
4911;BAIGORRITA;102
4925;LOS TOLDOS;102
4930;ZAVALIA;102
4937;ALGARROBO;102
4943;COLONIA LA MERCED;102
4951;FORTIN MERCEDES;102
4953;HILARIO ASCASUBI;102
4964;MAYOR BURATOVICH;102
4965;MEDANOS;102
4970;PEDRO LURO;102
4978;HENDERSON;102
4984;ARROYO ÑACURUTU;102
4993;LIMA;102
4998;VILLA MASSONI;102
5000;ZARATE;102
5001;CIUDAD AUTONOMA BUENOS AIRES;112
5043;RIO GRANDE;67
5046;TOLHUIN;67
5048;USHUAIA;67
5049;9 DE ABRIL;102
5051;EL JAGUEL;102
5052;LUIS GUILLON;102
5090;INGENIERO JACOBACCI;60
5101;LOS MENUCOS;60
5122;GANZU LAUQUEN;60
5158;VIEDMA;60
5165;CHIMPAY;60
5166;CHOELE CHOEL;60
5184;LAMARQUE;60
5186;LUIS BELTRAN;60
5209;EL BOLSON;60
5237;GENERAL CONESA;60
5301;ALLEN;60
5309;CATRIEL;60
5311;CHICHINALES;60
5312;CINCO SALTOS;60
5313;CIPOLLETTI;60
5316;COLONIA EL MANZANO;60
5318;COLONIA REGINA;60
5331;GENERAL ENRIQUE GODOY;60
5332;GENERAL FERNANDEZ ORO;60
5333;GENERAL ROCA;60
5334;INGENIERO HUERGO;60
5367;VILLA REGINA;60
5416;RIO COLORADO;60
5422;ARROYO BLANCO;60
5435;DINA HUAPI;60
5462;BALNEARIO LAS GRUTAS;60
5471;SAN ANTONIO OESTE;60
5472;SIERRA GRANDE;60
5494;VILLA MANZANO;60
5495;MENDOZA;57
5496;GODOY CRUZ;57
5497;SAN FRANCISCO DEL MONTE;57
5499;BOWEN;57
5503;COLONIA ALVEAR;57
5510;EL JUNCALITO;57
5514;GENERAL ALVEAR;57
5533;POSTE DE FIERRO;57
5538;ALTO DEL SALVADOR;57
5543;CHIVILCOY;57
5557;PALMIRA;57
5569;BERMEJO;57
5570;BUENA NUEVA;57
5574;CAPILLA DEL ROSARIO;57
5575;CORONEL DORREGO;57
5576;EL SAUCE;57
5577;JESUS NAZARENO;57
5579;RODEO DE LA CRUZ;57
5580;VILLA LOS CORRALITOS;57
5581;VILLA NUEVA DE GUAYMALLEN;57
5582;COLONIA SANTA TERESA;57
5584;LA PRIMAVERA;57
5586;LOS CORREDORES;57
5597;CIUDAD DE JUNIN;57
5601;INGENIERO GIAGNONI;57
5603;LA COLONIA;57
5626;LA PAZ;57
5640;ALGARROBAL ABAJO;57
5663;LAS HERAS;57
5680;USPALLATA;57
5681;VILLA HIPODROMO;57
5712;LAVALLE VILLA TULUMAYA;57
5720;SAN JOSE;57
5723;3 DE MAYO;57
5726;CARRODILLA  LA PUNTILLA;57
5727;CHACRAS DE CORIA;57
5730;AGRELO;57
5735;BAÑOS LUNLUNTA;57
5737;CACHEUTA;57
5759;LUJAN DE CUYO;57
5760;MAYOR DRUMMOND;57
5763;PERDRIEL;57
5769;VISTALBA;57
5770;BARRIO JARDIN LUZURIAGA;57
5772;BARRANCAS;57
5774;BARRIO SAN EDUARDO;57
5780;COQUIMBITO;57
5781;CRUZ DE PIEDRA;57
5785;FRAY LUIS BELTRAN;57
5786;GENERAL GUTIERREZ;57
5793;LUZURIAGA;57
5794;MAIPU;57
5797;PEDREGAL;57
5798;RODEO DEL MEDIO;57
5799;RUSSELL;57
5801;SANTA BLANCA;57
5828;MALARGUE;57
5842;CAMPAMENTOS;57
5853;MEDRANO;57
5859;RIVADAVIA;57
5867;EUGENIO BUSTOS;57
5869;LA CONSULTA;57
5876;SAN CARLOS;57
5880;ALTO VERDE;57
5881;LIBERTADOR GRAL SAN MARTIN;57
5905;EL ALGARROBAL;57
5908;EL CERRITO;57
5936;MONTE COMAN;57
5945;RAMA CAIDA;57
5946;REAL DEL PADRE;57
5951;SALTO DE LAS ROSAS;57
5952;SAN RAFAEL;57
5956;25 DE MAYO;57
5957;VILLA ATUEL;57
5969;LA DORMIDA;57
5992;TUNUYAN;57
6000;XH - EC4M LONDON;83
6001;SAN JOSE DE GUAYMALLEN;57
6003;TUPUNGATO;57
6697;DOBLAS;55
6722;MACACHIN;55
6723;MIGUEL RIGLOS;55
6741;ANGUIL;55
6764;SANTA ROSA;55
6766;CATRILO;55
6814;URIBURU;55
6831;BERNARDO LARROUDE;55
6836;CORONEL HILARIOS LAGOS;55
6841;INTENDENTE ALVEAR;55
6884;EDUARDO CASTEX;55
6909;WINIFREDA;55
6930;ALPACHIRI;55
6939;GRAL MANUEL CAMPOS;55
6940;GUATRACHE;55
6959;BERNASCONI;55
6976;GENERAL SAN MARTIN;55
6979;JACINTO ARAUZ;55
7039;JAGUEL DEL ESQUINERO;55
7084;VICTORICA;55
7093;GENERAL PICO;55
7111;SANTA INES;55
7114;25 DE MAYO;55
7124;COLONIA BARON;55
7143;MIGUEL CANE;55
7144;QUEMU QUEMU;55
7154;CALEUFU;55
7170;LOTE 15 ESCUELA 18;55
7174;PARERA;55
7175;PICHI  HUINCA;55
7177;RANCUL;55
7181;ALTA ITALIA;55
7186;EMBAJADOR MARTINI;55
7187;FALUCHO;55
7188;INGENIERO LUIGGI;55
7195;REALICO;55
7229;TOAY;55
7230;ARATA;55
7236;TRENEL;55
7260;GENERAL ACHA;55
7294;BAHIA CRACHER;49
7313;PUERTO MADRYN;49
7344;LAGO PUELO;49
7353;BAHIA SOLANO;49
7362;COMODORO RIVADAVIA;49
7374;RADA TILLY;49
7400;ESQUEL;49
7416;TREVELIN;49
7429;DOLAVON;49
7432;GAIMAN;49
7506;PLAYA UNION;49
7509;RAWSON;49
7513;PROMOCIONES JURIDICAS         ;79
7558;SARMIENTO;49
7572;GOBERNADOR COSTA;49
7574;JOSE DE SAN MARTIN;49
7647;SAN PATRICIO DEL CHAÑAR;59
7689;CHOS MALAL;59
7726;PIEDRA DEL AGUILA;59
7738;BALSA SENILLOSA;59
7742;CENTENARIO;59
7746;COLONIA VALENTINA;59
7748;CUTRAL CO;59
7755;NEUQUEN;59
7757;PLAZA HUINCUL;59
7758;PLOTTIER;59
7763;SENILLOSA;59
7764;VILLA EL CHOCON;59
7766;VISTA ALEGRE NORTE;59
7775;JUNIN DE LOS ANDES;59
7813;SAN MARTIN DE LOS ANDES;59
7848;ISLA VICTORIA;59
7854;PENINSULA HUEMUL;59
7858;VILLA LA ANGOSTURA;59
7860;ANDACOLLO;59
7920;RINCON DE LOS SAUCES;59
7957;LAS LAJAS;59
8017;ZAPALA;59
8024;COMANDANTE LUIS PIEDRABUENA;64
8039;PUERTO SANTA CRUZ;64
8050;CALETA OLIVIA;64
8054;CAÑADON SECO;64
8095;LAS HERAS;64
8105;PICO TRUNCADO;64
8108;PUERTO DESEADO;64
8115;28 DE NOVIEMBRE;64
8143;RIO TURBIO;64
8145;TAPI AIKE;64
8148;EL CALAFATE;64
8165;PUNTA BANDERA;64
8180;LOS ANTIGUOS;64
8183;PERITO MORENO;64
8186;PUERTO SAN JULIAN;64
8189;GOBERNADOR GREGORES;64
8404;FORMOSA;53
8461;ING GUILLERMO N JUAREZ;53
8492;COMANDANTE FONTANA;53
8510;IBARRETA;53
8520;LAS LOMITAS;53
8562;VILLA GENERAL GUEMES;53
8586;CLORINDA;53
8594;LAGUNA BLANCA;53
8601;RIACHO HE HE;53
8615;EL COLORADO;53
8635;PIRANE;53
8648;ARROYO BARU;52
8652;COLON;52
8695;SAN JOSE;52
8698;SAN SALVADOR;52
8700;UBAJAY;52
8701;VILLA ELISA;52
8702;VILLA SAN JOSE;52
8709;COLONIA ADELA;52
8722;CONCORDIA;52
8726;EL MARTILLO;52
8732;GENERAL CAMPOS;52
8754;LOS CHARRUAS;52
8763;SALADERO CONCORDIA;52
8770;VILLA ZORRAQUIN;52
8779;ALDEA VALLE MARIA;52
8788;DIAMANTE;52
8792;GENERAL RAMIREZ;52
8802;STROBEL;52
8804;VILLA LIBERTADOR SAN MARTIN;52
8807;CHAJARI;52
8829;FEDERACION;52
8839;SAN JAIME;52
8840;SAN JAIME DE LA FRONTERA;52
8844;VILLA DEL ROSARIO;52
8853;FEDERAL;52
8873;SAN JOSE DE FELICIANO;52
8874;SAN LUIS SAN JOSE FELICIANO;52
8889;GENERAL GALARZA;52
8891;GUALEGUAY;52
8908;ALDEA SAN ANTONIO;52
8931;GUALEGUAYCHU;52
8947;LARROQUE;52
8953;PALAVECINO;52
8969;URDINARRAIN;52
8976;IBICUY;52
8980;VILLA PARANACITO;52
8988;BOVRIL DTO NRO 12;52
9018;LA PAZ;52
9066;LUCAS GONZALEZ;52
9069;NOGOYA;52
9075;ALDEA MARIA LUISA;52
9085;CERRITO;52
9102;CRESPO;52
9111;GENERAL RACEDO;52
9112;HASENKAMP;52
9113;HERNANDARIAS;52
9123;MARIA GRANDE;52
9127;ORO VERDE;52
9129;PARANA;52
9139;SAN BENITO;52
9144;SEGUI;52
9152;VIALE;52
9158;VILLA URQUIZA;52
9164;GOBERNADOR MANSILLA;52
9168;MACIA;52
9169;ROSARIO DEL TALA;52
9170;SAUCE SUD;52
9174;BASAVILBASO;52
9176;CASEROS;52
9205;CONCEPCION DEL URUGUAY;52
9211;HERRERA;52
9218;LIBAROS;52
9225;PRONUNCIAMIENTO;52
9226;ROCAMORA;52
9231;SANTA ANITA;52
9235;VILLA MANTERO;52
9254;VICTORIA;52
9301;VILLA CLARA;52
9303;VILLAGUAY;52
9308;25 DE MAYO;58
9310;ALBA POSSE;58
9324;PUERTO INSUA;58
9334;APOSTOLES;58
9354;SAN JOSE;58
9361;ARISTOBULO DEL VALLE;58
9364;CAMPO GRANDE;58
9367;2 DE MAYO;58
9387;CANDELARIA;58
9408;SANTA ANA;58
9422;GARUPA;58
9428;MIGUEL LANUS;58
9440;VILLA LANUS;58
9451;CONCEPCION DE LA SIERRA;58
9466;ELDORADO;58
9469;MARIA MAGDALENA;58
9476;ALMIRANTE BROWN;58
9478;BERNARDO DE IRIGOYEN;58
9488;COMANDANTE ANDRESITO;58
9489;EL SOBERBIO;58
9492;SAN VICENTE;58
9494;ESPERANZA;58
9500;PUERTO BOSSETTI;58
9503;PUERTO IGUAZU;58
9507;WANDA;58
9511;CERRO AZUL;58
9520;LEANDRO N ALEM;58
9536;CAPIOVI;58
9552;PUERTO RICO;58
9568;MONTECARLO;58
9574;PUERTO PIRAY;58
9581;CAMPO VIERA;58
9585;FLORENTINO AMEGHINO;58
9592;OBERA;58
9622;GOBERNADOR ROCA;58
9627;JARDIN AMERICA;58
9651;SAN IGNACIO;58
9652;SANTO PIPO;58
9672;SAN JAVIER;58
9679;SAN PEDRO;58
9682;BELLA VISTA;51
9703;CORRIENTES;51
9747;CURUZU CUATIA;51
9776;EMPEDRADO;51
9808;ESQUINA;51
9849;SAN ROQUE;51
9861;ALVEAR;51
9902;CAA CATI;51
9937;GOYA;51
9970;COLONIA LIEBIG S;51
9975;ITUZAINGO;51
10000;SOCIEDADES                    ;76
10002;NEW YORK, NY;75
10005;SANTA LUCIA;51
10010;LABORAL                       ;76
10020;IMPUESTOS                     ;76
10027;ARBOL SOLO;51
10030;COMERCIO EXTERIOR             ;76
10049;MERCEDES;51
10070;CONTABILIDAD Y ADMINISTRACIÓN ;76
10080;LEGISLACION REP. ARGENTINA    ;76
10086;MOCORETA;51
10087;MONTE CASEROS;51
10090;LIQUIDACION DE SUELDOS        ;76
10100;ERREIUS LABORAL               ;76
10130;PASO DE LOS LIBRES;51
10150;DOCTRINA PENAL TRIB. (DPT)    ;76
10160;CONSULTOR TRIBUTARIO          ;76
10163;SALADAS;51
10170;COL. TEMAS DERECHO LABORAL    ;76
10180;CONSULTAS ADICIONALES         ;76
10184;SAN LUIS DEL PALMAR;51
10189;LA CRUZ;51
10190;CONSULTAS PROVINCIALES        ;76
10200;ERRENEWS                      ;77
10210;ERRENEWS SANTA FE             ;77
10220;JURISPRUDENCIA PREMIUM IMPUEST;76
10240;JURIDICAS LAB                 ;76
10250;JURIDICAS COM                 ;76
10251;SAN ROQUE;51
10260;JURIDICAS CIV                 ;76
10270;JURIDICAS PEN                 ;76
10276;GDOR ING VALENTIN VIRASO;51
10280;JURIDICAS FLIA                ;76
10290;JURIDICAS ADM                 ;76
10294;SANTO TOME;51
10300;CORDOBA                       ;76
10302;SAUCE;51
10352;ACOSTILLA;47
10400;SANTA FE                      ;76
10446;ANDALGALA;47
10487;AGUA COLORADA;47
10494;BELEN;47
10500;BUENOS AIRES                  ;76
10557;SAN FERNANDO;47
10598;SAN FDO DEL VALLE DE CATAMARCA;47
10599;CHACABUCO;47
10600;RURAL                         ;76
10604;LA CHACARITA;47
10674;LA CARRERA;47
10677;PIEDRA BLANCA;47
10700;PYME                          ;76
10781;OLTA;47
10794;RECREO;47
10800;SAN ANTONIO DE LA PAZ;47
10836;LA MERCED;47
10880;POMAN;47
10931;SANTA MARIA;47
10934;ALIJILAN;47
10968;OVANTA;47
11000;COMENDIO JURIDICO ERREIUS     ;76
11010;CONSULTOR AGROPECUARIO        ;76
11020;DOCTRINA LABORAL (DLE)        ;76
11030;DOCTRINA SOC. Y CONC. (DSCE)  ;76
11040;DOCTRINA TRIBUT. ERREPAR (DTE);76
11048;SANTA ROSA;47
11050;PRACT. INTEGRAL BS. AS. (PIBA);76
11052;TINOGASTA;47
11060;PRACT. INTEGRAL CORDOBA (PIC) ;76
11063;LAS TEJAS DE VALLE VIEJO;47
11065;POLCOS;47
11067;POZO DEL MISTOL;47
11069;SAN ISIDRO;47
11070;PRACT. Y ACT. SANTA FE (PSF)  ;76
11071;SANTA ROSA;47
11072;SUMALAO;47
11080;PROFESIONAL Y EMPRESARIA (D&G);76
11083;MARGARITA BELEN;48
11090;COLECCION PRACTICA            ;76
11094;GENERAL PINEDO;48
11095;HERMOSO CAMPO;48
11108;MACHAGAI;48
11123;LAS BREÑAS;48
11135;CONCEPCION DEL BERMEJO;48
11139;PAMPA DEL INFIERNO;48
11158;LA LEONESA;48
11164;LAS PALMAS;48
11192;CHARATA;48
11194;MESON DE FIERRO;48
11211;PRESIDENCIA ROQUE SAENZ PEÑA;48
11216;CHOROTIS;48
11217;SANTA SYLVINA;48
11218;ZUBERBUHLER;48
11220;CORZUELA;48
11239;JUAN JOSE CASTELLI;48
11241;CASTELLI;48
11246;EL SAUZALITO;48
11259;CAMPO LARGO;48
11279;GENERAL JOSE DE SAN MARTIN;48
11308;PUERTO TIROL;48
11323;TRES ISLETAS;48
11328;CORONEL DU GRATY;48
11336;LA OFELIA;48
11341;VILLA ANGELA;48
11342;LA TIGRA;48
11345;SAN BERNARDO;48
11359;PRESIDENCIA DE LA PLAZA;48
11366;QUITILIPI;48
11369;BARRANQUERAS;48
11371;RESISTENCIA;48
11381;FONTANA;48
11395;PUERTO VILELAS;48
11408;VILLA BERTHET;48
11414;LAS GARCITAS;48
11436;AGUA SUCIA;61
11451;CORONEL MOLLINEDO;61
11464;EL QUEBRACHAL;61
11478;JOAQUIN V GONZALEZ;61
11489;LAS LAJITAS;61
11503;NUESTRA SEÑORA DE TALAVERA;61
11546;CACHI;61
11557;CAFAYATE;61
11566;SALTA;61
11567;CERRILLOS;61
11569;LA MERCED;61
11580;CHICOANA;61
11585;EL CARRIL;61
11589;EL TIPAL;61
11627;CAMPO SANTO;61
11635;EL BORDE DE SAN MIGUEL;61
11654;MADRE VIEJA;61
11669;ACAMBUCO;61
11670;AGUARAY;61
11689;EMBARCACION;61
11692;GENERAL ENRIQUE MOSCONI;61
11711;P SALVADOR MAZZA EST POCITO;61
11724;TARTAGAL;61
11781;VILLA SAN LORENZO;61
11865;METAN;61
11918;COLONIA SANTA ROSA;61
11922;EL TABACAL;61
11924;HIPOLITO YRIGOYEN;61
11936;ORAN;61
11938;PICHANAL;61
11951;SAN RAMON DE LA NUEVA ORAN;61
11956;SOLEDAD;61
11975;GENERAL GUEMES;61
12001;SUIZA;82
12022;POCITOS;61
12023;ROSARIO DE LA FRONTERA;61
12027;CAMPO QUIJANO;61
12030;ROSARIO DE LERMA;61
12089;CEJA POZO;68
12223;SAN MIGUEL DE TUCUMAN;68
12228;ARCADIA;68
12238;CONCEPCION;68
12262;LA TRINIDAD;68
12287;VILLA LA TRINIDAD;68
12291;ALDERETES;68
12294;BANDA DEL RIO SALI;68
12304;CEVIL POZO;68
12309;COLOMBRES;68
12312;DELFIN GALLO;68
12327;LA FLORIDA;68
12336;LASTENIA;68
12340;LOS GUTIERREZ;68
12359;PUENTE RIO SALI;68
12360;RANCHILLOS;68
12395;FAMAILLA;68
12414;MANANTIAL DE OVANTA;68
12454;GRANEROS;68
12465;LAMADRID;68
12545;LA COCHA;68
12576;BELLA VISTA;68
12653;MANUEL GARCIA FERNANDEZ;68
12695;VILLA LEALES;68
12699;EL MANANTIAL;68
12702;LA REDUCCION;68
12707;LULES;68
12716;ACHERAL;68
12751;MONTEROS;68
12762;SANTA LUCIA;68
12772;AGUILARES;68
12773;ARROYO BARRIENTO;68
12774;ARROYO MAL PASO;68
12789;JUAN BAUTISTA ALBERDI;68
12813;SANTA ANA;68
12817;VILLA CLODOMIRO HILERET;68
12854;SIMOCA;68
12859;YERBA BUENA;68
12862;AMAICHA DEL VALLE;68
12953;LAS TALITAS;68
12957;LOS NOGALES;68
12958;LOS POCITOS;68
12965;TAFI VIEJO;68
13042;CAMINO DEL PERU;68
13043;CEVIL REDONDO;68
13053;VILLA CARMELA;68
13095;GUERRERO;54
13099;SAN SALVADOR DE JUJUY;54
13103;VILLA CIUDAD DE NIEVA;54
13104;BARRIO CUYAYA;54
13106;BARRIO LUJAN;54
13117;PERICO DEL CARMEN;54
13121;EL SUNCHAL;54
13137;MONTE RICO;54
13141;PERICO;54
13160;HUMAHUACA;54
13180;CAIMANCITO;54
13185;FRAILE PINTADO;54
13187;INGENIO LEDESMA;54
13210;PALPALA;54
13227;SAN PEDRO;54
13238;BARRO NEGRO;54
13241;LA MENDIETA;54
13264;PALMA SOLA;54
13314;TILCARA;54
13341;VOLCAN;54
13363;LA QUIACA;54
13831;AIMOGASTA;56
13844;AMILGANCHO;56
13847;BAZAN;56
13863;LA RIOJA;56
13871;POZO DE AVILA;56
13873;PUERTA DE LA QUEBRADA;56
13893;AMINGA;56
13894;ANILLACO;56
13913;CHILECITO;56
13920;NONOGASTA;56
13927;VICHIGASTA;56
13928;AICUÑA;56
13945;VILLA UNION;56
14003;OLTA;56
14008;CHAMICAL;56
14046;CATUNA;56
14069;MILAGRO;56
14095;ULAPES;56
14111;CHEPES;56
14181;PINTO - VILLA GENERAL MITRE;66
14237;CLODOMIRA;66
14255;LA BANDA;66
14297;BANDERA;66
14304;SANTIAGO DEL ESTERO;66
14344;MONTE QUEMADO;66
14377;AÑATUYA;66
14432;VILLA GUASAYAN;66
14492;QUIMILI;66
14493;TINTINA;66
14498;VILLA OJO DE AGUA;66
14526;SUMAMPA;66
14585;TERMAS DE RIO HONDO;66
14586;VILLA BALNEARIA;66
14591;NUEVA CERES;66
14592;SELVA;66
14601;FERNANDEZ;66
14768;LUJAN;63
14791;QUINES;63
14904;ALTO LINDO;63
14959;NASCHEL;63
14978;TILISARAO;63
14998;CASAS VIEJAS;63
15041;LA TOMA;63
15100;BUENA ESPERANZA;63
15156;LA INVERNADA;63
15264;JUAN JORBA;63
15265;JUAN LLERENA;63
15266;JUSTO DARACT;63
15304;VILLA MERCEDES;63
15343;CARPINTERIA;63
15381;MERLO;63
15402;SANTA ROSA DE CONLARA;63
15442;JUANA KOSLAY;63
15492;SAN LUIS;63
15718;VILLA SANTA ROSA;62
15719;9 DE JULIO;62
15723;LAS CHACRITAS;62
15731;LAS LAJAS;62
15736;VILLA GENERAL SAN MARTIN;62
15758;DESAMPARADOS;62
15761;SAN JUAN;62
15762;TRINIDAD;62
15771;CAUCETE;62
15802;CHIMBAS;62
15887;BARRIO SANTA BARBARA;62
15891;COLONIA RODAS;62
15899;POCITO;62
15904;VILLA ABERASTAIN;62
15908;BARRIO RAWSON;62
15909;CAPITAN LAZO;62
15925;SANTA CLARA;62
15929;VILLA KRAUSE;62
15936;RIVADAVIA;62
15950;SAN MARTIN;62
15952;VILLA LUGANO;62
15955;COLONIA RICHET;62
15964;SANTA LUCIA;62
15980;MEDIA AGUA;62
15991;ULLUM;62
16037;EMBALSE;50
16038;LA CRUZ;50
16039;LOS CONDORES;50
16042;SAN AGUSTIN;50
16043;SANTA ROSA DE CALAMUCHITA;50
16045;VILLA DEL DIQUE;50
16046;VILLA GENERAL BELGRANO;50
16047;VILLA RUMIPAL;50
16051;SALDAN;50
16052;TOLEDO;50
16057;COLONIA CAROYA;50
16058;DUMESNIL;50
16061;EL PUEBLITO;50
16062;JESUS MARIA;50
16063;LA CALERA;50
16067;MENDIOLAZA;50
16069;RIO CEBALLOS;50
16070;SALSIPUEDES;50
16071;UNQUILLO;50
16072;VILLA ALLENDE;50
16074;CRUZ DEL EJE;50
16079;SAN MARCOS SIERRA;50
16081;VILLA DE SOTO;50
16082;DEL CAMPILLO;50
16083;HIPOLITO BOUCHARD;50
16084;HUINCA RENANCO;50
16085;ITALO;50
16086;MATTALDI;50
16088;SANTA MAGDALENA;50
16089;VILLA HUIDOBRO;50
16090;VILLA VALERIA;50
16092;ARROYO CABRAL;50
16094;CHAZON;50
16095;COLONIA SILVIO PELLICO;50
16096;ETRURIA;50
16097;LA LAGUNA;50
16099;LA PLAYOSA;50
16100;LOS ZORROS;50
16102;PASCO;50
16103;TICINO;50
16104;TIO PUJIO;50
16106;VILLA NUEVA;50
16108;DEAN FUNES;50
16110;QUILINO;50
16113;ALEJANDRO;50
16114;BENGOLEA;50
16115;CARNERILLO;50
16116;CHARRAS;50
16117;GENERAL CABRERA;50
16118;GENERAL DEHEZA;50
16119;HUANCHILLA;50
16120;LA CARLOTA;50
16123;SANTA EUFEMIA;50
16124;UCACHA;50
16126;ALEJO LEDESMA;50
16127;ARIAS;50
16128;CAMILO ALDAO;50
16131;COLONIA ITALIANA;50
16132;CORRAL DE BUSTOS;50
16133;CRUZ ALTA;50
16134;GENERAL BALDISSERA;50
16135;GENERAL ROCA;50
16136;GUATIMOZIN;50
16137;INRIVILLE;50
16138;ISLA VERDE;50
16139;LEONES;50
16140;LOS SURGENTES;50
16141;MARCOS JUAREZ;50
16142;MONTE BUEY;50
16143;SAIRA;50
16147;GENERAL LAVALLE;50
16148;LA CESIRA;50
16149;LABOULAYE;50
16150;MELO;50
16153;SERRANO;50
16157;CAPILLA DEL MONTE;50
16159;COSQUIN;50
16160;CRUZ CHICA;50
16162;HUERTA GRANDE;50
16164;LA CUMBRE;50
16165;LA FALDA;50
16166;LOS COCOS;50
16167;SAN ANTONIO DE ARREDONDO;50
16169;SANTA MARIA DE PUNILLA;50
16173;VALLE HERMOSO;50
16174;VILLA CARLOS PAZ;50
16175;VILLA GIARDINO;50
16178;ACHIRAS;50
16179;ADELA MARIA;50
16180;ALCIRA ESTACION GIGENA;50
16181;BERROTARAN;50
16182;BULNES;50
16185;CORONEL MOLDES;50
16186;ELENA;50
16187;LA CAUTIVA;50
16189;LAS HIGUERAS;50
16191;MONTE DE LOS GAUCHOS;50
16193;SAMPACHO;50
16194;SAN BASILIO;50
16195;SANTA CATALINA;50
16197;VICUÑA MACKENNA;50
16204;LA PARA;50
16208;MONTE CRISTO;50
16209;OBISPO TREJO;50
16210;PIQUILLIN;50
16211;RIO PRIMERO;50
16212;SANTA ROSA DE RIO PRIMERO;50
16213;VILLA FONTANA;50
16215;SEBASTIAN EL CANO;50
16216;VILLA DE MARIA;50
16217;CALCHIN;50
16219;CARRILOBO;50
16220;COLAZO;50
16222;LAGUNA LARGA;50
16223;LAS JUNTURAS;50
16224;LUQUE;50
16226;MATORRALES;50
16227;ONCATIVO;50
16228;PILAR;50
16229;POZO DEL MOLLE;50
16230;RIO SEGUNDO;50
16231;SANTIAGO TEMPLE;50
16232;VILLA DEL ROSARIO;50
16233;MINA CLAVERO;50
16237;VILLA PALERMO;62
16238;VILLA CURA BROCHERO;50
16251;VILLA DOLORES;50
16253;ALICIA;50
16254;ALTOS DE CHIPION;50
16255;ARROYITO;50
16256;BALNEARIA;50
16257;BRINKMANN;50
16258;COLONIA MARINA;50
16262;COLONIA VIGNAUD;50
16263;DEVOTO;50
16264;EL ARAÑADO;50
16267;EL TIO;50
16268;FREYRE;50
16270;LA LEGUA;62
16274;ALTA GRACIA;50
16275;BOUWER;50
16277;DESPEÑADEROS;50
16278;LA SERRANITA;50
16280;MALAGUEÑO;50
16292;ALMAFUERTE;50
16294;DALMACIO VELEZ SARSFIELD;50
16296;HERNANDO;50
16297;JAMES CRAIK;50
16298;LAS PERDICES;50
16299;OLIVA;50
16302;RIO TERCERO;50
16303;TANCACHA;50
16304;VILLA ASCASUBI;50
16306;LAS PEÑAS;50
16307;SINSACATE;50
16308;VILLA DEL TOTORAL;50
16312;SAN JOSE DE LA DORMIDA;50
16317;BALLESTEROS;50
16319;BELL VILLE;50
16321;CANALS;50
16323;CINTRA;50
16325;IDIAZABAL;50
16326;JUSTINIANO POSSE;50
16327;LABORDE;50
16328;MONTE MAIZ;50
16329;MORRISON;50
16330;NOETINGER;50
16331;ORDOÑEZ;50
16332;PASCANAS;50
16333;PUEBLO ITALIANO;50
16334;SAN ANTONIO DE LITIN;50
16335;SAN MARCOS SUD;50
16336;VIAMONTE;50
16353;BAHIA BLANCA;102
16357;PERGAMINO;102
16359;TANDIL;102
16367;LA TORDILLA NORTE;50
16369;LA PAQUITA;50
16375;GERLI;102
16376;CANNING;102
16377;MONTE GRANDE;102
16380;GERLI;102
16381;LANUS;102
16388;BARILOCHE;60
16391;SANTA FE;65
16398;LIB GRAL SAN MARTIN;54
16405;SAN FRANCISCO;50
16406;LAS VARILLAS;50
16407;TRANSITO;50
16408;LA FRANCIA;50
16409;MORTEROS;50
16410;SACANTA;50
16411;PORTEÑA;50
16412;SATURNINO M LASPIUR;50
16413;MARULL;50
16422;TRES LOMAS;102
16425;VILLA SANTA CRUZ DEL LAGO;50
16429;MARQUESADO;62
16431;HURLINGHAM;102
16432;VILLA SANTOS TESEI;102
16434;CASTELAR;102
16435;DOMINGO FAUSTINO SARMIENTO;102
16436;EL PALOMAR;102
16437;HAEDO;102
16438;MORON;102
16439;SAN FERNANDO;102
16440;VICTORIA;102
16441;VIRREYES;102
16442;ZONA DELTA SAN FERNANDO;102
16443;ESTACION GENERAL PAZ;50
16445;VILLA GOBERNADOR UDAONDO;102
16446;ITUZAINGO;102
16447;BARRIO PARQUE LELOIR;102
16448;BANFIELD;102
16449;LLAVALLOL;102
16450;LOMAS DE ZAMORA;102
16451;TEMPERLEY;102
16452;TURDERA;102
16464;AEROPUERTO EZEIZA;102
16465;CANNING;102
16466;CARLOS SPEGAZZINI;102
16467;EZEIZA;102
16468;LA UNION;102
16469;TRISTAN SUAREZ;102
16470;GRAND BOURG;102
16471;INGENIERO ADOLFO SOURDEAUX;102
16472;LOS POLVORINES;102
16473;PABLO NOGUES;102
16474;TORTUGUITAS;102
16475;VILLA DE MAYO;102
16481;CASEROS;102
16483;CIUDAD JARDIN DEL PALOMAR;102
16484;CIUDADELA;102
16486;JOSE INGENIEROS;102
16487;LOMA HERMOSA;102
16488;MARTIN CORONADO;102
16489;ONCE DE SETIEMBRE;102
16490;PABLO PODESTA;102
16491;REMEDIOS DE ESCALADA;102
16492;SANTOS LUGARES;102
16493;VILLA BOSCH;102
16494;VILLA RAFFO;102
16495;VILLA SAENZ PEÑA;102
16496;ALDO BONZI;102
16498;CIUDAD DE EDUARDO MADERO;102
16499;CIUDAD EVITA;102
16500;GONZALEZ CATAN;102
16502;GREGORIO DE LA FERRERE;102
16503;ISIDRO CASANOVA;102
16504;LA SALADA;102
16505;LOMAS DEL MIRADOR;102
16506;MERCADO CENTRAL;102
16507;RAFAEL CASTILLO;102
16508;RAMOS MEJIA;102
16509;SAN JUSTO;102
16510;TABLADA;102
16511;TAPIALES;102
16512;VILLA INSUPERABLE;102
16513;VILLA LUZURIAGA;102
16514;VIRREY DEL PINO;102
16516;JOSE CLEMENTE PAZ;102
16522;BELLA VISTA;102
16524;MUÑIZ;102
16525;SAN MIGUEL;102
16526;CUARTEL V;102
16527;FRANCISCO ALVAREZ;102
16528;LA REJA;102
16529;MORENO;102
16530;PASO DEL REY;102
16531;TRUJUI;102
16532;BENAVIDEZ;102
16533;DIQUE LUJAN;102
16534;DON TORCUATO;102
16535;EL TALAR;102
16536;GENERAL PACHECO;102
16537;RICARDO ROJAS;102
16538;RINCON DE MILBERG;102
16539;TIGRE;102
16540;TRONCOS DEL TALAR;102
16546;BERNAL ESTE;102
16547;BERNAL OESTE;102
16548;DON BOSCO;102
16549;EZPELETA ESTE;102
16550;EZPELETA OESTE;102
16551;QUILMES;102
16552;QUILMES OESTE;102
16553;SAN FRANCISCO SOLANO;102
16554;VILLA LA FLORIDA;102
16565;GENERAL SAN MARTIN;102
16566;JOSE LEON SUAREZ;102
16567;SAN ANDRES;102
16568;VILLA BALLESTER;102
16569;VILLA LYNCH;102
16570;LIBERTAD;102
16571;MARIANO ACOSTA;102
16572;MERLO;102
16573;PARQUE SAN MARTIN;102
16574;PONTEVEDRA;102
16575;SAN ANTONIO DE PADUA;102
16576;BOSQUES;102
16577;FLORENCIO VARELA;102
16579;INGENIERO ALLAN;102
16582;VILLA VATTEONE;102
16588;BERAZATEGUI;102
16589;CENTRO AGRICOLA EL PATO;102
16590;GUILLERMO E HUDSON;102
16591;JOSE MARIA GUTIERREZ;102
16592;PEREYRA;102
16593;PLATANOS;102
16594;RANELAGH;102
16595;SOURIGUES;102
16598;YERBA BUENA;68
16666;CHACHAPOYAS;61
16947;COLONIA LA LLAVE;57
17321;AREQUITO;65
17503;SAUCE;51
17599;LOS BARRIALES;57
18001;DTO.301 LIMA;73
18242;RUTA 9 KILOMETRO 72;102
18254;JUAN VUCETICH EX DR R LEVENE;102
18259;PALANTELEN;102
18264;GENERAL DANIEL CERRI;102
18334;LIBERTADOR SAN MARTIN;52
18501;COLONIA JUAN JOSE CASTELLI;48
18730;EST ALBARDON;62
18879;CERRO  D  L  BAÑITOS;62
19246;PUESTO RETIRO;62
19730;ARROYO GRANDE;51
20000;CODIGOS                       ;76
20290;TULUMAYA;57
20369;PASO DEL MOLINO;52
20449;HOTEL PORTEZUELO DEL VIENTO;57
20741;CONCEPCION;68
20819;PUESTO TALITA;56
20900;MAR DEL PLATA;102
20949;ROSARIO;65
20964;ANTONIO ALICE;61
21000;SOCIEDADES                    ;78
21021;LABORAL                       ;78
21042;IMPUESTOS                     ;78
21052;BELGRANO;61
21063;COMERCIO EXTERIOR             ;78
21073;EREZCANO;102
21074;GENERAL CONESA;102
21075;SAN NICOLAS DE LOS ARROYOS;102
21140;SAN LORENZO;61
21147;CONTABILIDAD Y ADMINISTRACIÓN ;78
21168;LEGISLACION REP. ARGENTINA    ;78
21189;LIQUIDACION DE SUELDOS        ;78
21190;LA ISLA;61
21210;ERREIUS LABORAL               ;78
21247;EL BORDO;61
21315;DOCTRINA PENAL TRIB. (DPT)    ;78
21328;EL MOLLE;63
21336;CONSULTOR TRIBUTARIO          ;78
21357;COL. TEMAS DERECHO LABORAL    ;78
21378;CONSULTAS ADICIONALES         ;78
21399;CONSULTAS PROVINCIALES        ;78
21462;JURISPRUDENCIA PREMIUM IMPUEST;78
21476;POSADAS;58
21493;NECOCHEA;102
21504;JURIDICAS LAB                 ;78
21525;JURIDICAS COM                 ;78
21546;JURIDICAS CIV                 ;78
21555;CHICOANA;61
21567;JURIDICAS PEN                 ;78
21588;JURIDICAS FLIA                ;78
21609;JURIDICAS ADM                 ;78
21630;CORDOBA                       ;78
21722;CARAPACHAY;102
21723;FLORIDA;102
21724;FLORIDA OESTE;102
21725;LA LUCILA;102
21726;MUNRO;102
21727;OLIVOS;102
21728;VICENTE LOPEZ;102
21729;VILLA MARTELLI;102
21840;SANTA FE                      ;78
21959;CONTRERAS ESTABLECIMIENTO;66
21962;EL VINALAR;66
22050;BUENOS AIRES                  ;78
22080;TINAP JERAYOJ;66
22260;RURAL                         ;78
22428;LAS TALITAS;68
22437;LA MESADA;50
22470;PYME                          ;78
22693;LA CALERA;50
22991;BO FLORES GUARNICION AEREA;50
23037;CASEROS ESTE;50
23045;TOTORAL;50
23100;COMENDIO JURIDICO ERREIUS     ;78
23121;CONSULTOR AGROPECUARIO        ;78
23128;EMPALME BARRIO FLORES;50
23142;DOCTRINA LABORAL (DLE)        ;78
23144;KILOMETRO 25 LA CARBONADA;50
23163;DOCTRINA SOC. Y CONC. (DSCE)  ;78
23184;LOS VAZQUEZ;68
23205;PRACT. INTEGRAL BS. AS. (PIBA);78
23226;PRACT. INTEGRAL CORDOBA (PIC) ;78
23239;VILLA ESQUIU;50
23247;PRACT. Y ACT. SANTA FE (PSF)  ;78
23268;PROFESIONAL Y EMPRESARIA (D&G);78
23289;COLECCION PRACTICA            ;78
23367;BARRIO ALTO LA VIÑA;54
23415;PALPALA;54
23428;RIO BLANCO;54
23706;CAROYA;50
23716;COLONIA TIROLEZA;50
23771;CAÑADA DE MACHADO SUD;50
23796;ESTACION CALCHIN;50
23812;IMPIRA;50
23817;JUAREZ CELMAN;50
24161;VILLA MUÑECAS;68
24224;VILLA DEL LAGO;50
24232;VILLA MARIA;50
24250;CALERA CENTRAL;50
24392;SAN VICENTE;50
24751;COLONIA DEL BANCO NACION;50
24766;JOVITA;50
24784;LOS GAUCHOS DE GUEMES;50
24822;LA MILKA;50
24841;GUERNICA;102
24854;TORO PUJIO;50
24861;CARLOMAGNO;50
24869;FERREYRA;50
24920;BARRIO DEAN FUNES;50
24983;LOS POCITOS;68
25163;SANTA MARIA DE SOBREMONTE;50
25461;GENERAL VIAMONTE;50
25488;MIRAMAR;50
25735;GIGENA ALCIRA;50
25738;HOLMBERG;50
25772;TRELEW;49
25773;GENERAL RODRIGUEZ;102
25806;LA PENINSULA;64
26120;CORDOBA;50
26285;JUNIN;102
26286;RIO GALLEGOS;64
26287;VILLA SANTA ROSA;50
26303;VILLA MARIA;50
26304;PILAR;102
26305;ALMIRANTE BROWN;102
26306;BURZACO;102
26307;CLAYPOLE;102
26308;GLEW;102
26309;JOSE MARMOL;102
26310;LONGCHAMPS;102
26311;MALVINAS ARGENTINAS;102
26312;MINISTRO RIVADAVIA;102
26313;RAFAEL CALZADA;102
26314;SAN JOSE;102
26315;SOLANO;102
26316;LUJAN;102
26317;RIO CUARTO;50
26324;LA PLATA;102
27000;LIMA;73
27078;OJO DE AGUA;66
27448;ZANJON;66
27527;MARCOS PAZ;102
27531;CHIVILCOY;102
27533;EL CARMEN PERICO DE;54
27535;MERCEDES;102
27537;FRIAS;66
27540;NORDELTA;102
27541;MANZANARES;102
27542;VALLE ESCONDIDO;50
30000;LIBROS                        ;76
40000;PORTAL LIBROS                 ;76
42000;CODIGOS                       ;78
50000;BOLETIN OFICIAL               ;76
60000;NOTICIAS DEL DIA              ;76
63000;LIBROS                        ;78
70000;PROMOCIONES ECONOMICAS        ;76
70010;PROMOCIONES ECONOMICAS GRUPO 1;76
70020;PROMOCIONES ECONOMICAS GRUPO 2;76
70030;PROMOCIONES ECONOMICAS GRUPO 3;76
70040;PROMOCIONES ECONOMICAS GRUPO 4;76
70050;PROMOCIONES ECONOMICAS GRUPO 5;76
75000;PROMOCIONES JURIDICAS         ;77
76000;PROMOCIONES CAPACITACION      ;76
76010;PROMOCIONES CAPACIT. ASISTENTE;76
77000;LIBRERIAS                     ;76
80000;UNIVERSO DOCENTE              ;76
80010;CAPACITACION - BASE A         ;76
80020;CAPACITACION - BASE B         ;76
80030;CAPACITACION - BASE C         ;76
80040;CAPACITACION - CABA           ;76
80050;CAPACITACION - BASE A-B-C-CABA;76
84000;PORTAL LIBROS                 ;78
90000;AFIP - SOCIEDADES             ;76
90010;AFIP - LABORAL                ;76
90020;AFIP - IMPUESTOS              ;76
90070;AFIP - CONT. Y ADMINISTRACIÓN ;76
93000;AFIP - LIBROS                 ;76
95000;AFIP - BOLETIN OFICIAL        ;76
100000;0-000 SAO PABLO;115
100001;CEP-05001-903 SAO PABLO;115
105000;BOLETIN OFICIAL               ;78
113000;MONTEVIDEO;69
126000;NOTICIAS DEL DIA              ;78
147000;PROMOCIONES ECONOMICAS        ;78
147021;PROMOCIONES ECONOMICAS GRUPO 1;78
147042;PROMOCIONES ECONOMICAS GRUPO 2;78
147063;PROMOCIONES ECONOMICAS GRUPO 3;78
147084;PROMOCIONES ECONOMICAS GRUPO 4;78
147105;PROMOCIONES ECONOMICAS GRUPO 5;78
159600;PROMOCIONES CAPACITACION      ;78
159621;PROMOCIONES CAPACIT. ASISTENTE;78
161700;LIBRERIAS                     ;78
168000;UNIVERSO DOCENTE              ;78
168021;CAPACITACION - BASE A         ;78
168042;CAPACITACION - BASE B         ;78
168063;CAPACITACION - BASE C         ;78
168084;CAPACITACION - CABA           ;78
168105;CAPACITACION - BASE A-B-C-CABA;78
189000;AFIP - SOCIEDADES             ;78
189021;AFIP - LABORAL                ;78
189042;AFIP - IMPUESTOS              ;78
189147;AFIP - CONT. Y ADMINISTRACIÓN ;78
195300;AFIP - LIBROS                 ;78
199500;AFIP - BOLETIN OFICIAL        ;78
310000;PORTO ALEGRE;115
328000;MARACAIBO - ZULIA;71
331000;66 MIAMI;75
331001;45 MIAMI;75
336000;25 TAMPA - FLORIDA;75
336001;ESTADOS UNIDOS;75
577001;MONTEVIDEO;69
602000;DISTRITO FEDERAL MEXICO;117
700001;PARQUE INDUSTRIAL DE NEUQUEN;59
700002;BARRIO PRIVADO DALVIAN;57
700003;PARQUE INDUSTRIAL PILAR;102
700004;BARRIO YPF;57
700005;ADROGUE;102
700006;LA PUNTA;63
770002;02-2781 HOUSTON, TEXAS;75
770003;HOUSTON, TEXAS;75
917001;U.S.A - HATO REY;81
966000;GUAYNABO;81
1772000;VILLA CELINA;102
2905002;GENERAL ROJO;102
2905003;WILLIAM MORRIS;102
8332019;TRICACO;50
9999000;SANTIAGO (VITACURA);72
12090001;COMERCIO EXTERIOR FULL                       ;6
12090002;COMERCIO EXTERIOR BASICA                     ;6
12090003;INTERNET COMERCIO EXTERIOR                   ;6
12090004;CD COMERCIO EXTERIOR                         ;6
13090001;CD DESARROLLO & GESTION                      ;6
13090002;CONTABILIDAD Y ADMINISTRACION EOL            ;7
13090003;CONTABILIDAD Y ADMINISTRACION FULL           ;7
13090004;CONTABILIDAD Y ADMINISTRACION BASICA         ;7
13090006;CONTABILIDAD Y ADMINISTRACION FULL (2)       ;7
13090007;CONTABILIDAD Y ADMINISTRACION EOL (50)       ;7
13090008;CONTABILIDAD Y ADM. BASICA EOL (DEMO)        ;7
13090009;CONTABILIDAD Y ADMINISTRACION EOL(2)         ;7
15080001;COL. BASICA INTEGRAL PAPEL                   ;6
15080003;COL. BASICA INTEGRAL +                       ;6
15080005;COL. BASICA INTEGRAL PAPEL- 20X500           ;6
15080008;COL. DIGITAL                                 ;7
15080009;COL. DIGITAL INTEGRAL                        ;7
15080010;COL. BASICA INTEGRAL MENSUAL-TRIMEST INTERNET;6
15080011;COL. BASICA INTEGRAL TRIMESTRAL- INTERNET    ;6
15080012;COL. BASICA INTEGRAL EOL                     ;6
15080013;COL. BASICA INTEGRAL - DATAMARKETS           ;6
15080014;COL. BAS. INTEGRAL ON LINE PLUS - S          ;6
15080018;COL. BAS. INTEGRAL EOL PLUS                  ;6
15080019;COL. BASICA INTEGRAL - DATAMARKETS -         ;6
15080020;BOLETIN INFORMATIVO TFN                      ;9
15080023;COL ERREPAR CORDOBA                          ;7
15080025;ERREIUS ON LINE (DEMO)                       ;23
15080027;ERREIUS ON LINE (35)                         ;25
15080028;COL. BASICA INTEGRAL EOL(2)                  ;6
15080031;COL. INTEGRAL EOL PLUS                       ;7
15080032;COL. BASICA INTEGRAL EOL (4)                 ;6
15080033;COL. INTEGRAL EOL PLUS (4)                   ;7
15080034;COL. INTEGRAL EOL PLUS (3)                   ;7
15080035;COL. BASICA INTEGRAL CORDOBA                 ;6
15080036;COL. BASICA INTEGRAL EOL - PLAN REC          ;6
15080037;COL. INTEGRAL EOL PLUS (2)                   ;7
15080039;COL. BASICA INTEGRAL BUENOS AIRES            ;6
15080040;COL. BASICA INTEGRAL EOL JP                  ;6
15080041;COL. INTEGRAL EOL PLUS C/PAPEL               ;7
15080042;COL. INTEGRAL EOL C/PAPEL                    ;7
15080043;COL. INTEGRAL EOL PLUS C/PAPEL (2)           ;7
15080044;COL. BASICA INTEGRAL PAPEL (2)               ;6
15080047;COL ERREPAR CORDOBA EOL (2)                  ;7
15080048;COL ERREPAR SANTA FE EOL (2)                 ;7
15080049;DOCTRINA PENAL TRIBUTARIA Y ECO. EOL (2)     ;5
15080050;COL TEMAS DE DERECHO LABORAL EOL (2)         ;5
15080052;DOCTRINA PENAL TRIBUTARIA Y ECO. EOL (95)    ;5
15080053;COL AOL IMPOSITIVO                           ;6
15080054;COL AOL LABORAL                              ;6
15080055;JURISPRUDENCIA ANOTADA Y CONCORDADA          ;5
15080056;COL BASICA INTEGRAL REGIONAL                 ;7
15080059;COL ERREPAR BUENOS AIRES EOL (15)            ;7
15080060;COL. INTEGRAL EOL PLUS (5)                   ;7
15080061;COL. BASICA INTEGRAL EOL PLAN REC (2)        ;6
15080062;COL. BASICA INTEGRAL PAPEL (3)               ;6
15080063;COL AOL INTEGRAL                             ;6
15080064;COL ERREPAR CORDOBA (70)                     ;7
15080065;COL. SUMARIA EOL                             ;6
15080066;ERREIUS ON LINE (50)                         ;23
15080067;DOCTRINA PENAL TRIBUTARIA Y ECO. EOL (50)    ;5
15080068;COL AOL INTEGRAL EOL                         ;6
15080069;COL. INTEGRAL EOL PLUS C/PAPEL (3)           ;7
15080070;COL. BASICA INTEGRAL EOL (3)                 ;6
15080071;COL BASICA INTEGRAL REGIONAL (2)             ;7
15080072;COL ERREPAR CORDOBA (2)                      ;7
15080073;COL. INTEGRAL EOL C/PAPEL (2)                ;7
15150001;COL. PLATINO                                 ;8
15150002;COL. ORO                                     ;8
15150003;COL. PLATA                                   ;8
15150004;COL. ORO PLUS                                ;8
15150005;COL. PLATA PLUS                              ;8
15150006;COL. PLATINO PLUS                            ;8
15150007;COL. PLATINO (5)                             ;8
15150010;BO EN INTERNET - INFOBAE                     ;9
15150011;ENC. TRIB, LAB, SOC Y C&A EOL(4)             ;7
15150012;COL. MILENIO                                 ;8
15150013;COL. PLATINO PLUS (4)                        ;8
15150014;COL. PLATINO PLUS (5)                        ;8
15150015;COLECCION PLATINO PLUS INFOBAE               ;8
15150016;COL. MILENIO (2)                             ;8
15150019;COL. PLATINO PLUS AFIP                       ;8
15150020;PUBLIC TRIBUTACION AAEF                      ;5
15150021;COL. MILENIO (3)                             ;8
15150022;COL. MILENIO EOL                             ;8
15150023;COL. MILENIO (4)                             ;8
15150025;COL. MILENIO EOL (3)                         ;8
15150026;COL. PLATINO PLUS (2)                        ;8
15150027;COL. ORO (2)                                 ;8
15150028;COL. MILENIO (4)                             ;8
15150029;COL. MILENIO (6)                             ;8
15150030;COLECCION MILENIO ON LINE (3)- 414928        ;8
15150031;DEMO EOL DIST./VEND. (CS. ECONOMICAS)        ;6
15150032;DOCTRINA PENAL TRIBUTARIA Y ECONOMICA        ;5
15150033;COL. ORO PLUS (2)                            ;8
15150035;COL. PLATINO PLUS (3)                        ;8
15150036;COL. MILENIO EOL (5)                         ;8
15150037;COL. MILENIO EOL (8)                         ;8
15150038;DOCTRINA PENAL TRIBUTARIA Y ECONOMICA (4)    ;5
15150039;COL. MILENIO (5)                             ;8
15150040;COL. PLATINO (2)                             ;8
15150041;COL. MILENIO EOL (10)                        ;8
15150042;COL. MILENIO EOL (2)                         ;8
15150043;COL. MILENIO (9)                             ;8
15150044;COL. PLATINO PLUS (10)                       ;8
15150045;COL. MILENIO EOL (DEMO)                      ;8
15150046;COL. INTEGRAL EOL                            ;7
15150047;COL. TEMAS DE DERECHO LABORAL                ;5
15150048;COL. MILENIO (20)                            ;8
15150050;COL. MILENIO EOL (50)                        ;8
15150051;COL. PLATINO (3)                             ;8
15150052;COL. PLATA (2)                               ;8
15150053;COL. MILENIO EOL (4)                         ;8
15150054;DOCTRINA PENAL TRIBUTARIA Y ECONOMICA (10)   ;5
15150055;COL TEMAS DE DERECHO LABORAL EOL (10)        ;5
15150057;COL TEMAS DE DERECHO LABORAL EOL             ;5
15150059;COL. MILENIO EOL (95)                        ;8
15150060;COL TEMAS DE DERECHO LABORAL EOL (95)        ;5
15150065;COL MILENIO EOL (15)                         ;8
15150066;COL. PLATA TRIB EOL                          ;8
15150067;COL. PLATA LAB EOL                           ;8
15150069;COL. PLATA TRIB OL (2)                       ;8
15150070;COL. PLATA LAB OL (3)                        ;8
15150071;COL MILENIO EOL (9)                          ;8
15150072;COL MILENIO EOL (70)                         ;8
15150073;COL MILENIO EOL (6)                          ;8
15150074;COL TEMAS DE DERECHO LABORAL EOL (50)        ;5
15150075;COL PROMO FEDERAL                            ;8
15150077;COL. ORO (3)                                 ;8
15150078;COL. INTEGRAL EOL (2)                        ;6
16110001;INTERNET PARA ESTUDIANTES MENSUAL-TRIMESTRAL ;6
16110004;INTERNET PARA ESTUDIANTES ON LINE            ;6
17090003;ENC. TRIB. CLASICA PAPEL- PF,RE,A,RP         ;7
17090006;ENC. TRIB. CLASICA PAPEL- PF,RE,A,IP         ;7
17090009;ENC. TRIB. CLASICA PAPEL- RP,D,PF,RE,IC,A    ;7
17090010;ENC. TRIB. CLASICA PAPEL- D,PF,RE,A          ;5
17090012;ENC. TRIB. CLASICA PAPEL- RP,D,PF,RE,A       ;5
17090020;ENC. TRIB. CLASICA PAPEL- I,G,GMP,A          ;5
17090021;ENC. TRIB. CLASICA PAPEL- I,G,GMP,IP,A       ;7
17090022;ENC. TRIB. CLASICA PAPEL- 7 TOMOS            ;7
17090023;ENC. TRIB. CLASICA PAPEL/CD- I,G,GMP,D,A     ;7
17090024;ENC. TRIB. CLASICA PAPEL- I,G,GMP,D,IC,A     ;5
17090026;ENC. TRIB. CLASICA PAPEL- I,G,GMP,D,A,RP     ;7
17090028;ENC. TRIB. CLASICA PAPEL- I,G,GMP,D,IP,A     ;5
17090030;ENC. TRIB. CLASICA PAPEL-I,G,GMP,D,A,IP,RP   ;7
17090032;ENC. TRIB. CLASICA PAPEL- I,G,GMP,PF,A       ;5
17090034;ENC. TRIB. CLASICA PAPEL-I,G,PF,GMP,A,IP     ;5
17090035;ENC. TRIB. CLASICA PAPEL- I,G,PF,GMP,A,RE    ;5
17090039;ENC. TRIB. CLASICA PAPEL-I,G,GMP,PF,RE,IP,A  ;5
17090040;ENC. TRIB. CLASICA PAP/CD- I,G,GMP,PF,RE,IP,A;7
17090044;ENC. TRIB. CLASICA PAPEL-I,G,GMP,D,PF,A      ;5
17090045;ENC. TRIB. CLASICA PAPEL/+ -I,G,GMP,D,PF,A   ;5
17090049;ENC. TRIB. CLASICA PAPEL-I,G,GMP,D,PF,IP,A   ;5
17090051;ENC. TRIB. CLASICA PAPEL- 10 T.              ;5
17090052;ENC. TRIB. CLASICA PAPEL/+ - 10 T.           ;5
17090053;ENC. TRIB. CLASICA PAPEL- 10 T. + IC         ;5
17090054;ENC. TRIB. CLASICA PAPEL/+ -10 T. + IC       ;5
17090055;ENC. TRIB. CLASICA PAPEL- 11 T.              ;5
17090056;ENC. TRIB. CLASICA PAPEL/+ - 11 T.           ;5
17090057;ENC. TRIB. CLASICA PAPEL- 11 T. + IC         ;5
17090058;ENC. TRIB. CLASICA PAPEL- 12 T.              ;5
17090059;ENC. TRIB. CLASICA PAPEL/+ - 12 T.           ;5
17090061;ENC. TRIB. CLASICA PAPEL- 12 T. + IC         ;5
17090062;ENC. TRIB. CLASICA PAPEL/+ - 12 T. + IC      ;5
17090063;ENC. TRIB. CLASICA PAPEL- 13 T.              ;5
17090064;ENC. TRIB. CLASICA PAPEL/+ - 13 T.           ;5
17090065;ENC. TRIB. CLASICA PAPEL- 13 T. + IC         ;5
17090066;ENC. TRIB. CLASICA PAPEL/+ - 13 T. + IC      ;5
17090068;ENC. TRIB. CLASICA EOL                       ;7
17090069;ENC. TRIB. CLASICA - +                       ;7
17090072;ENC. TRIB. CLASICA EOL (20)                  ;7
17090074;ENC. TRIB. CLASICA PAPEL- 13 TOMOS (3)       ;5
17090075;ENC. TRIB. CLASICA EOL (2)                   ;7
17090076;ENC. TRIB. CLASICA PAPEL- 13 T. + IC (2)     ;5
17090077;ENC. TRIB. CLASICA EOL (6)                   ;7
17090078;ENC. TRIB. CLASICA EOL (90)                  ;7
17090079;ENC. TRIB. CLASICA PAPEL- 13 T. (2)          ;5
17090080;DOCTRINA PENAL ECON.Y TRIB. EOL (DEMO)       ;5
17090081;ENC. TRIB. CLASICA EOL (3)                   ;7
17090082;ENC. TRIB. CLASICA EOL (50)                  ;7
17090083;ENC. TRIB. CLASICA EOL (5)                   ;7
17090084;ENC. TRIB. CLASICA EOL (10)                  ;7
17090085;ENC. TRIB. CLASICA - + (2)                   ;7
17090086;ENC. TRIB. CLASICA EOL (4)                   ;7
17090087;DOCTRINA PENAL TRIBUTARIA Y ECONOMICA EOL    ;5
17090088;ENC. TRIB. CLASICA PAPEL- 12 T.(3)           ;5
17090089;ENC. TRIB. CLASICA - + (4)                   ;7
17090090;ENC. TRIB. CLASICA PAPEL- 12 T.(2)           ;5
17090092;ENC. TRIB. CLASICA PAPEL- 10 T.(2)           ;5
17090093;ENC. TRIB. CLASICA EOL (100)                 ;7
17090094;COL ERREPAR RURAL (2)                        ;5
17090095;ENC. TRIB. CLASICA EOL (7)                   ;7
17090096;ENC. TRIB. CLASICA PAPEL/+ - 12 T. (2)       ;5
17090098;ENC. TRIB. CLASICA PAPEL/+ - 12 T. + IC (2)  ;5
17090100;ENC. TRIB. CLASICA PAPEL- 13 T. + IC (4)     ;5
17090102;ENC. TRIB. CLASICA PAPEL- 12 T.(8)           ;5
17140002;IMPUESTOS COMENTADOS (2 TOMOS)               ;7
17140003;IMPUESTOS COMENTADOS PAPEL/CD (USO INTERNO)  ;6
17140004;REGIMEN PENAL TRIBUTARIO (1 TOMO)            ;5
17140006;IMPUESTOS PROVINCIALES (2 TOMOS)             ;5
17140007;AGENDA IMPOSITIVA (1 TOMO)                   ;5
17140008;AGENDA IMP. + IMP.COMENTADOS                 ;7
17140009;AGENDA IMP. + REG. PENAL TRIB.               ;5
17140010;AGENDA IMP. + REG.PENAL TRIB.+ IMP.COM.      ;5
17140011;AGENDA IMP. + IMP. PROVINCIALES              ;5
17140013;AGENDA IMP. + PENAL TRIB. + IMP.PROVINCIALES ;5
17140014;DOCTRINA TRIBUTARIA                          ;5
17140015;AGENDA IMP. + DOCTRINA TRIBUTARIA            ;5
17140017;AGENDA IMP. + DOCTRINA + REG. PENAL TRIB.    ;6
17140018;AGENDA IMP.+ DOCTRINA + REG. PENAL-PAPEL/CD  ;5
17140019;AGENDA IMP. + DOCTRINA + IMP. PROVINCIALES   ;7
17140021;AGENDA IMP. + PROCEDIM. FISCAL + REG. ESPEC. ;7
17140023;PROC. FISCAL+ REG. ESPEC.+ AGENDA IMP.       ;6
17140025;AGENDA IMP. + GANANCIAS                      ;7
17140026;AGENDA IMP. + IVA                            ;7
17140028;IMPUESTOS NACIONALES (2 TOMOS)               ;7
17140030;IMPUESTOS NACIONALES +                       ;7
17140034;ENC. TRIB. CLASICA PAPEL- I/G/PF/A           ;5
17140035;PROCEDIMIENTO FISCAL (2 TOMOS)               ;7
17140037;DOCTRINA TRIBUTARIA EOL (DEMO)               ;5
17140039;CONSULTOR TRIBUTARIO(2)                      ;7
17140040;DOCTRINA PENAL TRIBUTARIA Y ECONOMICA(2)     ;5
17140041;REGIMEN PENAL TRIBUTARIO(1 TOMO)(2)          ;5
17140042;CONSULTOR TRIBUTARIO(5)                      ;7
17140043;IMPUESTOS PROVINCIALES (2 TOMOS) (5)         ;5
17140044;COL CONSULTOR TRIBUTARIO EOL (3)             ;7
17140045;COL. BASICA TRIBUTARIA EOL (3)               ;6
17140046;COL ERREPAR RURAL                            ;5
17140047;COL ERREPAR RURAL EOL                        ;5
17140048;COL ERREPAR RURAL (8)                        ;5
17160001;COL ERREPAR CONSULTOR TRIBUTARIO EOL (DEMO)  ;7
17160002;DOCTRINA PENAL TRIBUTARIA Y ECONOMICA (3)    ;5
17160003;COL ERREPAR CORDOBA EOL (DEMO)               ;7
17160004;COL ERREPAR SANTA FE                         ;7
17160005;DOC.PENAL ECON.Y TRIB.EOL (30)               ;5
17160008;COL ERREPAR SANTA FE EOL                     ;7
17160010;COL ERREPAR BUENOS AIRES                     ;7
17160011;COL ERREPAR BUENOS AIRES EOL (DEMO)          ;7
17160012;COL ERREPAR CONSULTOR TRIBUTARIO EOL (2)     ;7
17160013;COL ERREPAR BUENOS AIRES (DEMO)              ;7
17160014;COL. TRIBUTARIA PROFESIONAL (2)              ;7
17160015;COL ERREPAR BUENOS AIRES (10)                ;7
17160016;COL ERREPAR CORDOBA EOL (10)                 ;7
17160017;COL ERREPAR SANTA FE EOL (10)                ;7
17160018;COL. TRIBUTARIA ANIVERSARIO (4)              ;7
17160019;COL ERREPAR BUENOS AIRES EOL (2)             ;7
17160021;COL ERREPAR BUENOS AIRES EOL                 ;7
17160022;COL ERREPAR CORDOBA EOL                      ;7
17160023;COL. TRIBUTARIA ANIVERSARIO (5)              ;7
17160024;COL ERREPAR BUENOS AIRES (2)                 ;7
17160027;PACK PRACTICO PROFESIONAL BASICO             ;6
17170002;COL. BASICA TRIBUTARIA-PAPEL                 ;6
17170003;COL. BASICA TRIBUTARIA - +                   ;6
17170004;COL. BASICA TRIBUTARIA- PAPEL                ;6
17170005;COL. BASICA TRIBUTARIA TRIMESTRAL- INTERNET  ;6
17170007;COL. BASICA TRIBUTARIA EOL                   ;6
17170009;COL. BASICA TRIBUTARIA- PAPEL (5)            ;6
17170011;COL. BASICA TRIBUTARIA EOL (5)               ;6
17170012;COL. BASICA TRIBUTARIA - EOL (2)             ;6
17170013;COL. MI ERREPAR                              ;6
17180005;COL. TRIBUTARIA PROFESIONAL                  ;7
17180006;COL. TRIBUTARIA ANIVERSARIO                  ;7
17180008;COL. TRIBUTARIA ANIVERSARIO (2)              ;7
17180009;COL ERREPAR CONSULTOR TRIBUTARIO             ;7
17180011;COL ERREPAR SANTA FE EOL (DEMO)              ;7
17180012;COL. TRIBUTARIA ANIVERSARIO (3)              ;7
17180013;COL. TRIBUTARIA PROFESIONAL (3)              ;7
17180014;PACK PRACTICO PROFESIONAL IMPOSITIVO         ;6
17180015;PACK PRACTICO PROFESIONAL IMPOSITIVO LABORAL ;9
17180016;PACK PRACTICO PROFESIONAL PLUS               ;9
17180017;COL ERREPAR CONSULTOR TRIBUTARIO (10)        ;7
17180018;PACK PRACTICO PROFESIONAL IMPOSITIVO V       ;9
17180019;PACK PRACTICO PROFESIONAL IMPOSITIVO LABORALV;9
17180020;PACK PRACTICO PROFESIONAL PLUS V             ;9
17180021;COL PACK PRACT PROF PLUS                     ;6
17180022;COL PACK PRACT PROF EXPERTO                  ;6
17190003;PUBLIC TRIBUTACION AAEF - INDIVIDUAL         ;5
17210018;TAPA IMP. NACIONALES II- TAPAS               ;9
17230001;BOLETIN AFIP IMPOSITIVO                      ;9
18090001;ENC. LAB. CLASICA PAPEL- TYR, A              ;7
18090002;ENC. LAB. CLASICA PAPEL- TYR, A              ;7
18090003;ENC. LAB. CLASICA PAPEL/+ - TYR, A           ;7
18090004;ENC. LAB. CLASICA PAPEL- TYR,A + DP          ;7
18090005;ENC. LAB. CLASICA PAPEL- 5 T.                ;5
18090006;ENC. LAB. CLASICA PAPEL/+ - 5 T.             ;5
18090007;ENC. LAB. CLASICA PAPEL- 5 T. + DP           ;5
18090008;ENC. LAB. CLASICA PAPEL/+ - 5 T. + DP        ;5
18090009;ENC. LAB. CLASICA PAPEL- 6 T.                ;5
18090010;ENC. LAB. CLASICA PAPEL/+ - 6 T.             ;5
18090011;ENC. LAB. CLASICA PAPEL- 6 T + DP            ;5
18090012;ENC. LAB. CLASICA PAPEL/+ - 6 T + DP         ;5
18090014;ENC. LAB. CLASICA EOL                        ;7
18090015;ENC. LAB. CLASICA +                          ;7
18090016;ENC. LAB. CLASICA PAPEL- 5 T. (5)            ;5
18090017;ENC. LAB. CLASICA EOL (2)                    ;7
18090019;ENC. LAB. CLASICA EOL (3)                    ;7
18090020;ENC. LAB. CLASICA EOL (5)                    ;7
18090021;ENC. LAB. CLASICA PAPEL-6 T. + DP (2)        ;5
18090022;ENC. LAB. CLASICA PAPEL- 5 T. (2)            ;5
18090023;ENC. LAB. CLASICA EOL (10)                   ;7
18090024;ENC. LAB. CLASICA EOL (4)                    ;7
18090025;ENC. LAB. CLASICA PAPEL- 5 T.(3)             ;5
18140002;DIGESTO PRACTICO LABORAL Y PREV. (PROMO 2006);7
18140003;AGENDA LABORAL (1 TOMO)                      ;5
18140004;AGENDA LABORAL PAPEL/+                       ;5
18140005;AGENDA LAB. + DIGESTO PRACTICO LAB Y PREV    ;5
18140007;DOCTRINA LABORAL                             ;5
18140008;AGENDA LAB. + DOCTRINA LABORAL               ;6
18140012;LEGISLACION LABORAL (2 TOMOS)                ;7
18140013;DIGESTO PRACTICO LABORAL Y PREVISIONAL       ;7
18140014;DIGESTO PRACTICO LABORAL Y PREV. EOL         ;7
18140015;COL. BASICA LABORAL- PAPEL (2)               ;6
18140017;COL. LABORAL PROFESIONAL (2)                 ;7
18160002;COL TEMAS DE DERECHO LABORAL EOL (DEMO)      ;5
18160003;COL. LABORAL ANIVERSARIO (3)                 ;7
18160004;COL. LABORAL ANIVERSARIO (2)                 ;7
18170002;COL. BASICA LABORAL - +                      ;6
18170003;COL. BASICA LABORAL MENSUAL-TRIMEST INTERNET ;6
18170004;COL. BASICA LABORAL- PAPEL                   ;6
18170006;COL. BASICA LABORAL EOL                      ;6
18170010;COL. BASICA LABORAL EOL (2)                  ;6
18180004;COL. LABORAL PROFESIONAL                     ;7
18180005;COL. LABORAL ANIVERSARIO                     ;7
18180006;LIQUIDAC. SUELDOS PRACTICA PAPEL/CD          ;9
18190002;COL LIQUIDAC. SUELDOS PRACTICA PAPEL         ;7
18190004;COL LIQUIDAC. SUELDOS PRACTICA EOL           ;7
19130001;LEGISLACION DE LA REPUBLICA ARGENTINA        ;6
20090001;ENC. CONCURSAL CLASICA PAPEL -CYQ,DS-        ;7
20090002;ENC. SOC. CLASICA PAPEL- SC, C.AC. MYF       ;7
20090003;ENC. SOC. CLASICA PAPEL/+ - SC, C.AC.MYF     ;7
20090004;ENC. SOC.Y CONC. CLAS. PAPEL-SC,C.AC.MYF,CYQ ;7
20090006;ENC. SOC. CLASICA PAPEL- SC, D               ;7
20090007;ENC. SOC. CLASICA PAPEL- 3 T.                ;7
20090008;ENC. SOC. CLASICA PAPEL/+ -3 T.              ;7
20090009;ENC. SOC. CLASICA PAPEL- 5 T.                ;7
20090010;ENC. SOC. CLASICA PAPEL/+ - 5 T.             ;7
20090012;ENC. SOC. Y CONC. CLASICA EOL                ;7
20090013;ENC. SOC. Y CONC. CLASICA - +                ;7
20090017;ENC. SOC. Y CONC. CLASICA EOL (2)            ;7
20090018;ENC. SOC. CLASICA PAPEL- 5 TOMOS (2)         ;7
20090019;COL. SOCIETARIA PARA ESCRIBANOS (2)          ;6
20090020;ENC. SOC. Y CONC. CLASICA EOL (3)            ;7
20090021;ENC. SOC. Y CONC. CLASICA EOL (50)           ;7
20090022;ENC. SOC. Y CONC. CLASICA - + (2)            ;7
20090024;ENC. SOC. CLASICA PAPEL- 3 T.(3)             ;7
20090025;ENC. SOC. CLASICA PAPEL- 3 T.(2)             ;7
20140002;CONCURSOS Y QUIEBRAS (2 TOMOS)               ;7
20140003;CONCURSOS Y QUIEBRAS PAPEL/CD (2 TOMOS)      ;6
20140004;COOPERATIVAS, ASOC. CIV., MUTUALES Y FUND.   ;7
20140005;COOPERATIVAS, ASOC. C., MUT. Y FUND. PAPEL/+ ;7
20140006;DOCTRINA SOCIETARIA                          ;5
20140007;SOCIEDADES COMERCIALES (2 TOMOS)             ;7
20140008;COLECCION SOCIETARIA PARA ESCRIBANOS         ;9
21220001;SOC.COM.+ DOCT.SOC. + CONC.Y QUIEBRAS        ;7
21220015;ERREIUS                                      ;23
21220016;COMPENDIO DE JURIS., DOCTRINA Y LEGISLACION  ;23
21220017;ERREIUS (2)                                  ;23
21220019;ERREIUS (3)                                  ;25
21220020;ERREIUS (4)                                  ;23
21220022;ERREIUS ON LINE (95)                         ;23
21220023;ERREIUS ON LINE                              ;23
21220024;ERREIUS - MAR DEL PLATA                      ;23
21220026;ERREIUS (20)                                 ;23
21220027;ERREIUS (5)                                  ;23
21220029;ERREIUS (6)                                  ;25
21220030;ERREIUS ON LINE (30)                         ;25
21220031;ERREIUS (8)                                  ;25
21220032;ERREIUS LABORAL ON LINE                      ;23
21220033;ERREIUS ON LINE (4)                          ;23
21220034;ERREIUS ON LINE (3)                          ;23
21220036;ERREIUS LABORAL PLUS                         ;23
89216201;JOINVILLE/SC;115
130900010;CD DESARROLLO & GESTION                      ;33
130900020;CONTABILIDAD Y ADMINISTRACION EOL            ;33
130900030;CONTABILIDAD Y ADMINISTRACION FULL           ;33
130900040;CONTABILIDAD Y ADMINISTRACION BASICA         ;33
130900060;CONTABILIDAD Y ADMINISTRACION FULL (2)       ;33
130900070;CONTABILIDAD Y ADMINISTRACION EOL (50)       ;44
130900080;CONTABILIDAD Y ADM. BASICA EOL (DEMO)        ;43
130900090;CONTABILIDAD Y ADMINISTRACION EOL(2)         ;33
150800010;COL. BASICA INTEGRAL PAPEL                   ;37
150800030;COL. BASICA INTEGRAL +                       ;36
150800080;COL. DIGITAL                                 ;33
150800090;COL. DIGITAL INTEGRAL                        ;32
150800120;COL. BASICA INTEGRAL EOL                     ;36
150800180;COL. BAS. INTEGRAL EOL PLUS                  ;37
150800190;COL. BASICA INTEGRAL - DATAMARKETS -         ;36
150800200;BOLETIN INFORMATIVO TFN                      ;44
150800230;COL ERREPAR CORDOBA                          ;33
150800250;ERREIUS ON LINE (DEMO)                       ;43
150800260;COL ERREPAR CORDOBA EOL (35)                 ;44
150800270;ERREIUS ON LINE (35)                         ;44
150800280;COL. BASICA INTEGRAL EOL(2)                  ;36
150800300;COL. BASICA INTEGRAL EOL (3)                 ;44
150800310;COL. INTEGRAL EOL PLUS                       ;31
150800320;COL. BASICA INTEGRAL EOL (4)                 ;36
150800330;COL. INTEGRAL EOL PLUS (4)                   ;31
150800340;COL. INTEGRAL EOL PLUS (3)                   ;31
150800350;COL. BASICA INTEGRAL CORDOBA                 ;33
150800360;COL. BASICA INTEGRAL EOL - PLAN REC          ;36
150800370;COL. INTEGRAL EOL PLUS (2)                   ;31
150800380;COL. BASICA INTEGRAL SANTA FE                ;33
150800400;COL. BASICA INTEGRAL EOL JP                  ;37
150800410;COL. INTEGRAL EOL PLUS C/PAPEL               ;32
150800420;COL. INTEGRAL EOL C/PAPEL                    ;32
150800430;COL. INTEGRAL EOL PLUS C/PAPEL (2)           ;32
150800440;COL. BASICA INTEGRAL PAPEL (2)               ;37
150800450;COL ERREPAR CORDOBA EOL (55)                 ;44
150800460;ERREIUS ON LINE (55)                         ;44
150800470;COL ERREPAR CORDOBA EOL (2)                  ;33
150800480;COL ERREPAR SANTA FE EOL (2)                 ;33
150800490;DOCTRINA PENAL TRIBUTARIA Y ECO. EOL (2)     ;29
150800500;COL TEMAS DE DERECHO LABORAL EOL (2)         ;29
150800520;DOCTRINA PENAL TRIBUTARIA Y ECO. EOL (95)    ;29
150800530;COL AOL IMPOSITIVO                           ;37
150800540;COL AOL LABORAL                              ;37
150800550;JURISPRUDENCIA ANOTADA Y CONCORDADA          ;29
150800560;COL BASICA INTEGRAL REGIONAL                 ;33
150800570;COL ERREPAR SANTA FE EOL (15)                ;44
150800580;COL ERREPAR CORDOBA EOL (15)                 ;44
150800590;COL ERREPAR BUENOS AIRES EOL (15)            ;33
150800600;COL. INTEGRAL EOL PLUS (5)                   ;31
150800610;COL. BASICA INTEGRAL EOL PLAN REC (2)        ;36
150800620;COL. BASICA INTEGRAL PAPEL (3)               ;37
150800630;COL AOL INTEGRAL                             ;37
150800640;COL ERREPAR CORDOBA (70)                     ;33
150800650;COL. SUMARIA EOL                             ;37
150800660;ERREIUS ON LINE (50)                         ;42
150800670;DOCTRINA PENAL TRIBUTARIA Y ECO. EOL (50)    ;29
150800680;COL AOL INTEGRAL EOL                         ;37
150800690;COL. INTEGRAL EOL PLUS C/PAPEL (3)           ;32
150800700;COL. BASICA INTEGRAL EOL (3)                 ;36
150800710;COL BASICA INTEGRAL REGIONAL (2)             ;33
150800720;COL ERREPAR CORDOBA (2)                      ;33
150800730;COL. INTEGRAL EOL C/PAPEL (2)                ;32
150800740;COL. MI ERREPAR INTEGRAL                     ;44
151500010;COL. PLATINO                                 ;26
151500020;COL. ORO                                     ;26
151500030;COL. PLATA                                   ;26
151500040;COL. ORO PLUS                                ;26
151500050;COL. PLATA PLUS                              ;26
151500060;COL. PLATINO PLUS                            ;26
151500070;COL. PLATINO (5)                             ;26
151500090;COL. PLATINO (4)                             ;44
151500110;ENC. TRIB, LAB, SOC Y C&A EOL(4)             ;44
151500120;COL. MILENIO                                 ;26
151500130;COL. PLATINO PLUS (4)                        ;26
151500140;COL. PLATINO PLUS (5)                        ;26
151500160;COL. MILENIO (2)                             ;26
151500190;COL. PLATINO PLUS AFIP                       ;44
151500200;PUBLIC TRIBUTACION AAEF                      ;37
151500210;COL. MILENIO (3)                             ;26
151500220;COL. MILENIO EOL                             ;27
151500230;COL. MILENIO (4)                             ;26
151500240;COL. MILENIO (12)                            ;44
151500250;COL. MILENIO EOL (3)                         ;27
151500260;COL. PLATINO PLUS (2)                        ;26
151500270;COL. ORO (2)                                 ;26
151500280;COL. MILENIO (4)                             ;26
151500290;COL. MILENIO (6)                             ;26
151500300;COL MILENIO ON LINE (3)- 414928              ;44
151500310;DEMO EOL DIST./VEND. (CS. ECONOMICAS)        ;43
151500320;DOCTRINA PENAL TRIBUTARIA Y ECONOMICA        ;29
151500330;COL. ORO PLUS (2)                            ;44
151500350;COL. PLATINO PLUS (3)                        ;26
151500360;COL. MILENIO EOL (5)                         ;27
151500370;COL. MILENIO EOL (8)                         ;27
151500380;DOCTRINA PENAL TRIBUTARIA Y ECONOMICA (4)    ;29
151500390;COL. MILENIO (5)                             ;26
151500400;COL. PLATINO (2)                             ;26
151500410;COL. MILENIO EOL (10)                        ;27
151500420;COL. MILENIO EOL (2)                         ;27
151500430;COL. MILENIO (9)                             ;26
151500440;COL. PLATINO PLUS (10)                       ;44
151500450;COL. MILENIO EOL (DEMO)                      ;43
151500460;COL. INTEGRAL EOL                            ;33
151500470;COL. TEMAS DE DERECHO LABORAL                ;29
151500480;COL. MILENIO (20)                            ;26
151500500;COL. MILENIO EOL (50)                        ;27
151500510;COL. PLATINO (3)                             ;26
151500520;COL. PLATA (2)                               ;26
151500530;COL. MILENIO EOL (4)                         ;27
151500540;DOCTRINA PENAL TRIBUTARIA Y ECONOMICA (10)   ;29
151500550;COL TEMAS DE DERECHO LABORAL EOL (10)        ;29
151500560;COL. MILENIO (10)                            ;26
151500570;COL TEMAS DE DERECHO LABORAL EOL             ;29
151500580;COL. MILENIO EOL (55)                        ;44
151500590;COL. MILENIO EOL (95)                        ;27
151500600;COL TEMAS DE DERECHO LABORAL EOL (95)        ;29
151500610;COLECCION PLATINO PLUS - PUBLICACIONES       ;44
151500650;COL MILENIO EOL (15)                         ;27
151500660;COL. PLATA TRIB EOL                          ;27
151500670;COL. PLATA LAB EOL                           ;27
151500690;COL. PLATA TRIB OL (2)                       ;27
151500700;COL. PLATA LAB OL (3)                        ;27
151500710;COL MILENIO EOL (9)                          ;27
151500720;COL MILENIO EOL (70)                         ;27
151500730;COL MILENIO EOL (6)                          ;27
151500740;COL TEMAS DE DERECHO LABORAL EOL (50)        ;29
151500750;COL PROMO FEDERAL                            ;44
151500760;COL PROMO FEDERAL EOL                        ;44
151500770;COL. ORO (3)                                 ;26
151500780;COL. INTEGRAL EOL (2)                        ;33
151500800;COL. MILENIO PLUS (3)                        ;44
151500810;COL. MILENIO EOL PLUS (3)                    ;44
170900100;ENC. TRIB. CLASICA PAPEL- D,PF,RE,A          ;29
170900120;ENC. TRIB. CLASICA PAPEL- RP,D,PF,RE,A       ;28
170900200;ENC. TRIB. CLASICA PAPEL- I,G,GMP,A          ;29
170900210;ENC. TRIB. CLASICA PAPEL- I,G,GMP,IP,A       ;44
170900220;ENC. TRIB. CLASICA PAPEL- 7 TOMOS            ;33
170900240;ENC. TRIB. CLASICA PAPEL- I,G,GMP,D,IC,A     ;28
170900260;ENC. TRIB. CLASICA PAPEL- I,G,GMP,D,A,RP     ;28
170900280;ENC. TRIB. CLASICA PAPEL- I,G,GMP,D,IP,A     ;28
170900320;ENC. TRIB. CLASICA PAPEL- I,G,GMP,PF,A       ;29
170900340;ENC. TRIB. CLASICA PAPEL-I,G,PF,GMP,A,IP     ;28
170900350;ENC. TRIB. CLASICA PAPEL- I,G,PF,GMP,A,RE    ;28
170900390;ENC. TRIB. CLASICA PAPEL-I,G,GMP,PF,RE,IP,A  ;28
170900400;ENC. TRIB. CLASICA PAP/CD- I,G,GMP,PF,RE,IP,A;44
170900440;ENC. TRIB. CLASICA PAPEL-I,G,GMP,D,PF,A      ;28
170900450;ENC. TRIB. CLASICA PAPEL/+ -I,G,GMP,D,PF,A   ;27
170900460;ENC. TRIB. CLASICA PAPEL- I,G,GMP,D,PF,IC,A  ;44
170900490;ENC. TRIB. CLASICA PAPEL-I,G,GMP,D,PF,IP,A   ;28
170900510;ENC. TRIB. CLASICA PAPEL- 10 T.              ;28
170900520;ENC. TRIB. CLASICA PAPEL/+ - 10 T.           ;27
170900530;ENC. TRIB. CLASICA PAPEL- 10 T. + IC         ;28
170900540;ENC. TRIB. CLASICA PAPEL/+ -10 T. + IC       ;26
170900550;ENC. TRIB. CLASICA PAPEL- 11 T.              ;28
170900560;ENC. TRIB. CLASICA PAPEL/+ - 11 T.           ;27
170900570;ENC. TRIB. CLASICA PAPEL- 11 T. + IC         ;27
170900580;ENC. TRIB. CLASICA PAPEL- 12 T.              ;28
170900590;ENC. TRIB. CLASICA PAPEL/+ - 12 T.           ;27
170900610;ENC. TRIB. CLASICA PAPEL- 12 T. + IC         ;27
170900620;ENC. TRIB. CLASICA PAPEL/+ - 12 T. + IC      ;26
170900630;ENC. TRIB. CLASICA PAPEL- 13 T.              ;28
170900640;ENC. TRIB. CLASICA PAPEL/+ - 13 T.           ;27
170900650;ENC. TRIB. CLASICA PAPEL- 13 T. + IC         ;27
170900660;ENC. TRIB. CLASICA PAPEL/+ - 13 T. + IC      ;26
170900680;ENC. TRIB. CLASICA EOL                       ;32
170900690;ENC. TRIB. CLASICA - +                       ;31
170900720;ENC. TRIB. CLASICA EOL (20)                  ;44
170900740;ENC. TRIB. CLASICA PAPEL- 13 TOMOS (3)       ;28
170900750;ENC. TRIB. CLASICA EOL (2)                   ;32
170900760;ENC. TRIB. CLASICA PAPEL- 13 T. + IC (2)     ;27
170900770;ENC. TRIB. CLASICA EOL (6)                   ;32
170900780;ENC. TRIB. CLASICA EOL (90)                  ;44
170900790;ENC. TRIB. CLASICA PAPEL- 13 T. (2)          ;28
170900800;DOCTRINA PENAL ECON.Y TRIB. EOL (DEMO)       ;43
170900810;ENC. TRIB. CLASICA EOL (3)                   ;32
170900820;ENC. TRIB. CLASICA EOL (50)                  ;32
170900830;ENC. TRIB. CLASICA EOL (5)                   ;32
170900840;ENC. TRIB. CLASICA EOL (10)                  ;32
170900850;ENC. TRIB. CLASICA - + (2)                   ;32
170900860;ENC. TRIB. CLASICA EOL (4)                   ;32
170900870;DOCTRINA PENAL TRIBUTARIA Y ECONOMICA EOL    ;29
170900880;ENC. TRIB. CLASICA PAPEL- 12 T.(3)           ;28
170900890;ENC. TRIB. CLASICA - + (4)                   ;32
170900900;ENC. TRIB. CLASICA PAPEL- 12 T.(2)           ;28
170900910;ENC. TRIB. CLASICA EOL (11)                  ;44
170900920;ENC. TRIB. CLASICA PAPEL- 10 T.(2)           ;28
170900930;ENC. TRIB. CLASICA EOL (100)                 ;32
170900940;COL ERREPAR RURAL (2)                        ;29
170900950;ENC. TRIB. CLASICA EOL (7)                   ;32
170900960;ENC. TRIB. CLASICA PAPEL/+ - 12 T. (2)       ;28
170900970;ENC. TRIB. CLASICA PAPEL- 12 T. + IC (2)     ;44
170900980;ENC. TRIB. CLASICA PAPEL/+ - 12 T. + IC (2)  ;28
170900990;ENC. TRIB. CLASICA PAPEL- 12 T.(6)           ;44
170901000;ENC. TRIB. CLASICA PAPEL- 13 T. + IC (4)     ;27
170901010;ENC. TRIB. CLASICA- CD (6)                   ;44
170901020;ENC. TRIB. CLASICA PAPEL- 12 T.(8)           ;28
171400020;IMPUESTOS COMENTADOS (2 TOMOS)               ;32
171400040;REGIMEN PENAL TRIBUTARIO (1 TOMO)            ;29
171400060;IMPUESTOS PROVINCIALES (2 TOMOS)             ;29
171400070;AGENDA IMPOSITIVA (1 TOMO)                   ;29
171400080;AGENDA IMP. + IMP.COMENTADOS                 ;32
171400090;AGENDA IMP. + REG. PENAL TRIB.               ;29
171400100;AGENDA IMP. + REG.PENAL TRIB.+ IMP.COM.      ;29
171400110;AGENDA IMP. + IMP. PROVINCIALES              ;29
171400130;AGENDA IMP. + PENAL TRIB. + IMP.PROVINCIALES ;29
171400140;DOCTRINA TRIBUTARIA                          ;29
171400150;AGENDA IMP. + DOCTRINA TRIBUTARIA            ;28
171400170;AGENDA IMP. + DOCTRINA + REG. PENAL TRIB.    ;44
171400180;AGENDA IMP.+ DOCTRINA + REG. PENAL-PAPEL/CD  ;29
171400190;AGENDA IMP. + DOCTRINA + IMP. PROVINCIALES   ;33
171400210;AGENDA IMP. + PROCEDIM. FISCAL + REG. ESPEC. ;33
171400250;AGENDA IMP. + GANANCIAS                      ;33
171400260;AGENDA IMP. + IVA                            ;33
171400280;IMPUESTOS NACIONALES (2 TOMOS)               ;33
171400300;IMPUESTOS NACIONALES +                       ;33
171400340;ENC. TRIB. CLASICA PAPEL- I/G/PF/A           ;29
171400350;PROCEDIMIENTO FISCAL (2 TOMOS)               ;33
171400370;DOCTRINA TRIBUTARIA EOL (DEMO)               ;43
171400380;REGIMENES ESPECIALES EOL                     ;44
171400390;CONSULTOR TRIBUTARIO(2)                      ;33
171400400;DOCTRINA PENAL TRIBUTARIA Y ECONOMICA(2)     ;29
171400410;REGIMEN PENAL TRIBUTARIO(1 TOMO)(2)          ;29
171400420;CONSULTOR TRIBUTARIO(5)                      ;33
171400430;IMPUESTOS PROVINCIALES (2 TOMOS) (5)         ;29
171400440;COL CONSULTOR TRIBUTARIO EOL (3)             ;33
171400450;COL. BASICA TRIBUTARIA EOL (3)               ;37
171400460;COL ERREPAR RURAL                            ;29
171400470;COL ERREPAR RURAL EOL                        ;29
171400480;COL ERREPAR RURAL (8)                        ;29
171400490;IMPUESTOS PROVINCIALES (2 TOMOS)(2)          ;29
171600010;COL ERREPAR CONSULTOR TRIBUTARIO EOL (DEMO)  ;43
171600020;DOCTRINA PENAL TRIBUTARIA Y ECONOMICA (3)    ;29
171600030;COL ERREPAR CORDOBA EOL (DEMO)               ;43
171600040;COL ERREPAR SANTA FE                         ;33
171600050;DOC.PENAL ECON.Y TRIB.EOL (30)               ;29
171600080;COL ERREPAR SANTA FE EOL                     ;33
171600100;COL ERREPAR BUENOS AIRES                     ;33
171600110;COL ERREPAR BUENOS AIRES EOL (DEMO)          ;43
171600120;COL ERREPAR CONSULTOR TRIBUTARIO EOL (2)     ;33
171600130;COL ERREPAR BUENOS AIRES (DEMO)              ;33
171600140;COL. TRIBUTARIA PROFESIONAL (2)              ;32
171600150;COL ERREPAR BUENOS AIRES (10)                ;33
171600160;COL ERREPAR CORDOBA EOL (10)                 ;33
171600170;COL ERREPAR SANTA FE EOL (10)                ;33
171600180;COL. TRIBUTARIA ANIVERSARIO (4)              ;32
171600190;COL ERREPAR BUENOS AIRES EOL (2)             ;33
171600210;COL ERREPAR BUENOS AIRES EOL                 ;33
171600220;COL ERREPAR CORDOBA EOL                      ;33
171600230;COL. TRIBUTARIA ANIVERSARIO (5)              ;32
171600240;COL ERREPAR BUENOS AIRES (2)                 ;33
171600260;COL ERREPAR CONSULTOR TRIBUTARIO EOL (5)     ;44
171600270;PACK PRACTICO PROFESIONAL BASICO             ;38
171700020;COL. BASICA TRIBUTARIA-PAPEL                 ;37
171700030;COL. BASICA TRIBUTARIA - +                   ;37
171700040;COL. BASICA TRIBUTARIA- PAPEL                ;37
171700070;COL. BASICA TRIBUTARIA EOL                   ;37
171700090;COL. BASICA TRIBUTARIA- PAPEL (5)            ;37
171700110;COL. BASICA TRIBUTARIA EOL (5)               ;37
171700120;COL. BASICA TRIBUTARIA - EOL (2)             ;37
171700130;COL. MI ERREPAR                              ;37
171700140;COL. BASICA TRIBUTARIA- PAPEL (2)            ;37
171800050;COL. TRIBUTARIA PROFESIONAL                  ;32
171800060;COL. TRIBUTARIA ANIVERSARIO                  ;32
171800070;COL. ANIVERSARIO TRIBUTARIA (9)              ;44
171800080;COL. TRIBUTARIA ANIVERSARIO (2)              ;32
171800090;COL ERREPAR CONSULTOR TRIBUTARIO             ;33
171800100;COL ERREPAR CONSULTOR TRIBUTARIO EOL (35)    ;44
171800110;COL ERREPAR SANTA FE EOL (DEMO)              ;43
171800120;COL. TRIBUTARIA ANIVERSARIO (3)              ;32
171800130;COL. TRIBUTARIA PROFESIONAL (3)              ;32
171800140;PACK PRACTICO PROFESIONAL IMPOSITIVO         ;38
171800150;PACK PRACTICO PROFESIONAL IMPOSITIVO LABORAL ;38
171800160;PACK PRACTICO PROFESIONAL PLUS               ;38
171800170;COL ERREPAR CONSULTOR TRIBUTARIO (10)        ;33
171800180;PACK PRACTICO PROFESIONAL IMPOSITIVO V       ;38
171800190;PACK PRACTICO PROFESIONAL IMPOSITIVO LABORALV;38
171800200;PACK PRACTICO PROFESIONAL PLUS V             ;38
171800210;COL PACK PRACT PROF PLUS                     ;38
171800220;COL PACK PRACT PROF EXPERTO                  ;38
171900030;PUBLIC TRIBUTACION AAEF - INDIVIDUAL         ;37
172300010;BOLETIN AFIP IMPOSITIVO                      ;44
180900010;ENC. LAB. CLASICA PAPEL- TYR, A              ;33
180900020;ENC. LAB. CLASICA PAPEL- TYR, A              ;33
180900030;ENC. LAB. CLASICA PAPEL/+ - TYR, A           ;32
180900040;ENC. LAB. CLASICA PAPEL- TYR,A + DP          ;32
180900050;ENC. LAB. CLASICA PAPEL- 5 T.                ;28
180900060;ENC. LAB. CLASICA PAPEL/+ - 5 T.             ;28
180900070;ENC. LAB. CLASICA PAPEL- 5 T. + DP           ;28
180900080;ENC. LAB. CLASICA PAPEL/+ - 5 T. + DP        ;28
180900090;ENC. LAB. CLASICA PAPEL- 6 T.                ;28
180900100;ENC. LAB. CLASICA PAPEL/+ - 6 T.             ;28
180900110;ENC. LAB. CLASICA PAPEL- 6 T + DP            ;28
180900120;ENC. LAB. CLASICA PAPEL/+ - 6 T + DP         ;27
180900140;ENC. LAB. CLASICA EOL                        ;32
180900150;ENC. LAB. CLASICA +                          ;32
180900160;ENC. LAB. CLASICA PAPEL- 5 T. (5)            ;44
180900170;ENC. LAB. CLASICA EOL (2)                    ;32
180900180;ENC. LAB. CLASICA PAPEL- 6 T. + DP (4)       ;44
180900190;ENC. LAB. CLASICA EOL (3)                    ;32
180900200;ENC. LAB. CLASICA EOL (5)                    ;32
180900210;ENC. LAB. CLASICA PAPEL-6 T. + DP (2)        ;28
180900220;ENC. LAB. CLASICA PAPEL- 5 T. (2)            ;28
180900230;ENC. LAB. CLASICA EOL (10)                   ;32
180900240;ENC. LAB. CLASICA EOL (4)                    ;32
180900250;ENC. LAB. CLASICA PAPEL- 5 T.(3)             ;28
180900260;ENC. LAB. CLASICA PAPEL- 5 T.(5)             ;44
181400020;DIGESTO PRACTICO LABORAL Y PREV. (PROMO 2006);33
181400030;AGENDA LABORAL (1 TOMO)                      ;29
181400040;AGENDA LABORAL PAPEL/+                       ;29
181400050;AGENDA LAB. + DIGESTO PRACTICO LAB Y PREV    ;28
181400070;DOCTRINA LABORAL                             ;29
181400120;LEGISLACION LABORAL (2 TOMOS)                ;33
181400130;DIGESTO PRACTICO LABORAL Y PREVISIONAL       ;33
181400140;DIGESTO PRACTICO LABORAL Y PREV. EOL         ;33
181400150;COL. BASICA LABORAL- PAPEL (2)               ;37
181400170;COL. LABORAL PROFESIONAL (2)                 ;32
181600020;COL TEMAS DE DERECHO LABORAL EOL (DEMO)      ;43
181600030;COL. LABORAL ANIVERSARIO (3)                 ;32
181600040;COL. LABORAL ANIVERSARIO (2)                 ;32
181700020;COL. BASICA LABORAL - +                      ;37
181700040;COL. BASICA LABORAL- PAPEL                   ;37
181700060;COL. BASICA LABORAL EOL                      ;37
181700090;COL. BASICA LABORAL- CD (3)                  ;44
181700100;COL. BASICA LABORAL EOL (2)                  ;37
181700110;COL. BASICA LABORAL EOL (10)                 ;44
181800040;COL. LABORAL PROFESIONAL                     ;33
181800050;COL. LABORAL ANIVERSARIO                     ;32
181800070;COL. BASICA LABORAL EOL (8)                  ;44
181900020;COL LIQUIDAC. SUELDOS PRACTICA PAPEL         ;33
181900040;COL LIQUIDAC. SUELDOS PRACTICA EOL           ;33
191300010;LEGISLACION DE LA REPUBLICA ARGENTINA        ;44
200900010;ENC. CONCURSAL CLASICA PAPEL -CYQ,DS-        ;33
200900020;ENC. SOC. CLASICA PAPEL- SC, C.AC. MYF       ;33
200900030;ENC. SOC. CLASICA PAPEL/+ - SC, C.AC.MYF     ;33
200900040;ENC. SOC.Y CONC. CLAS. PAPEL-SC,C.AC.MYF,CYQ ;33
200900060;ENC. SOC. CLASICA PAPEL- SC, D               ;33
200900070;ENC. SOC. CLASICA PAPEL- 3 T.                ;33
200900080;ENC. SOC. CLASICA PAPEL/+ -3 T.              ;33
200900090;ENC. SOC. CLASICA PAPEL- 5 T.                ;33
200900100;ENC. SOC. CLASICA PAPEL/+ - 5 T.             ;33
200900120;ENC. SOC. Y CONC. CLASICA EOL                ;33
200900130;ENC. SOC. Y CONC. CLASICA - +                ;33
200900140;ENC. SOC. CLASICA PAPEL- 5 TOMOS (2)         ;44
200900160;ENC. SOC. CLASICA PAPEL/CD - 5 TOMOS (2)     ;44
200900170;ENC. SOC. Y CONC. CLASICA EOL (2)            ;33
200900180;ENC. SOC. CLASICA PAPEL- 5 TOMOS (2)         ;44
200900190;COL. SOCIETARIA PARA ESCRIBANOS (2)          ;44
200900200;ENC. SOC. Y CONC. CLASICA EOL (3)            ;33
200900210;ENC. SOC. Y CONC. CLASICA EOL (50)           ;44
200900220;ENC. SOC. Y CONC. CLASICA - + (2)            ;33
200900240;ENC. SOC. CLASICA PAPEL- 3 T.(3)             ;33
200900250;ENC. SOC. CLASICA PAPEL- 3 T.(2)             ;33
200900260;ENC. SOC. CLASICA PAPEL- 5 T. (5)            ;44
201400020;CONCURSOS Y QUIEBRAS (2 TOMOS)               ;33
201400040;COOPERATIVAS, ASOC. CIV., MUTUALES Y FUND.   ;33
201400050;COOPERATIVAS, ASOC. C., MUT. Y FUND. PAPEL/+ ;33
201400060;DOCTRINA SOCIETARIA                          ;29
201400070;SOCIEDADES COMERCIALES (2 TOMOS)             ;33
201400090;DOCTRINA SOCIETARIA EOL                      ;44
212200010;SOC.COM.+ DOCT.SOC. + CONC.Y QUIEBRAS        ;33
212200150;ERREIUS                                      ;42
212200160;COMPENDIO DE JURIS., DOCTRINA Y LEGISLACION  ;42
212200170;ERREIUS (2)                                  ;42
212200180;ERREIUS ON LINE (10)                         ;44
212200200;ERREIUS (4)                                  ;42
212200210;ERREIUS ON LINE (30)                         ;44
212200220;ERREIUS ON LINE (95)                         ;42
212200230;ERREIUS ON LINE                              ;42
212200240;ERREIUS - MAR DEL PLATA                      ;42
212200250;ERREIUS ON LINE (8)                          ;44
212200260;ERREIUS (20)                                 ;42
212200270;ERREIUS (5)                                  ;42
212200290;ERREIUS (6)                                  ;44
212200300;ERREIUS ON LINE (30)                         ;44
212200310;ERREIUS (8)                                  ;44
212200320;ERREIUS LABORAL ON LINE                      ;42
212200330;ERREIUS ON LINE (4)                          ;42
212200340;ERREIUS ON LINE (3)                          ;42
212200360;ERREIUS LABORAL PLUS                         ;40
212200370;ERREIUS LABORAL PLUS (2)                     ;40
225307620;BIENES PERSONALES 10° ED                     ;44
225307630;GANANCIAS DE 1° 2° Y 4°                      ;44
225307650;GANACIAS DE 3° CATEGORIA. SOCIEDADES         ;44
999999990;SIN TEMA                      ;76
2099999979;SIN TEMA                      ;78
100013;Actividades y sectores de la economía;129
100016;Actuación Profesional;129
100029;Actuación Profesional;129
100018;Ciencias Jurídicas;130
100015;Comercio Exterior;129
100053;Concursos y Quiebras;129
100012;Contabilidad, Auditoría y Gestión;129
100057;Costos;129
100098;Cursos On Line/Ciclos;129
100019;Derecho Administrativo;130
100020;Derecho Aduanero;130
100021;Derecho Civil;130
100095;Derecho Civil y Comercial;130
100022;Derecho Comercial;130
100023;Derecho Constitucional;130
100025;Derecho Laboral y Previsional;130
100072;Derecho Penal;130
100026;Derecho Penal Tributario;130
100024;Derechos Humanos;130
100063;Economía;129
100014;Economía, Administración                 y Finanzas;129
100031;Facturación y Registración;129
100032;Ganancias;129
100096;Humanidades;129
100035;Impuesto al Valor Agregado;129
100008;Impuestos;129
100017;Informática;129
100034;Ingresos Brutos;129
100001;Inicio;129
100010;Laboral y Previsional;130
100006;Libros;129
100066;Marketing y Management;129
100036;Monotributo;129
100037;Otros Impuestos;129
100005;Packs;129
100054;Sociedades;129
100011;Sociedades y Concursos;129
100093;Suscripciones;129
89000;Legislación;121
89001;Doctrina;121
89002;Jurisprudencia;121
89003;Otro Contenido;121
89010;Online;122
89011;Presencial C.A.BS.AS;122
89012;Presencial INTERIOR;122
89013;Video;122
89014;Otros;122
89015;Online;123
89016;Presencial C.A.BS.AS;123
89017;Presencial INTERIOR;123
89018;Video;123
89019;Otros;123
89020;Online;124
89021;Presencial C.A.BS.AS;124
89022;Presencial INTERIOR;124
89023;Video;124
89024;Otros;124
89025;Online;125
89026;Presencial C.A.BS.AS;125
89027;Presencial INTERIOR;125
89028;Video;125
89029;Otros;125
89030;Online;126
89031;Presencial C.A.BS.AS;126
89032;Presencial INTERIOR;126
89033;Video;126
89034;Otros;126
89035;Online;127
89036;Presencial C.A.BS.AS;127
89037;Presencial INTERIOR;127
89038;Video;127
89039;Otros;127
89040;Online;128
89041;Presencial C.A.BS.AS;128
89042;Presencial INTERIOR;128
89043;Video;128
89044;Otros;128
